,Abbreviazione,Bibliografia,
0,﻿Aegyptische Kunst 1961,"5000 Jahre aegyptische Kunst, 15. Mai bis 27. August 1961 in Villa Hügel, Essen, Essen 1961.  ",
1,ALLROGGEN-BEDEL - KAMMERER-GROTHAUS 1980,"A. Allroggen-Bedel - H. Kammerer-Grothaus, Das Museo Ercolanese in Portici, in CronErcol, 10, 1980, pp. 175-217.",
2,ANGELICOUSSIS 1992,"E. Angelicoussis, The Woburn Abbey collection of classical antiquities, Mainz am Rhein 1992.",
3,ANGELONE 1989-1990,"R. Angelone, Spettacoli gladiatori ad Ercolano e gli edifici da essi postulati, in RendNap, 62, 1989-1990, pp. 215-243. ",
4,Animaux 1985,"Ces drôles d’animaux, Marseille 1985.",
5,Antichità Ercolano 1757-1792,"Le antichità di Ercolano esposte, I-VIII, Napoli 1757-1792.",
6,Antient Sculpture 1809-1835,"Specimens of antient sculpture, Ægyptian, Etruscan, Greek, and Roman: selected from different collections in Great Britain, by the Society of Dilettanti, I-II, London 1809-1835.",
7,Археология войны 2005 ,"Археология войны: возвращение из небытия. реставрация и восстановление античных памятников, перемещенных в резчльтате великой отечествеииой войиы, москва 2005.   ",
8,ARNETH 1850,"J. Arneth, Die antiken Gold- und Silber- Monumente des K. K. Münz- und Antiken-Cabinettes in Wien, Wien 1850.  ",
9,AVELLINO 1838,"F.M. Avellino, Ragguaglio de’ lavori della Reale Accademia Ercolanese per l’anno 1835 letto nella pubblica tornata de’ 30 giugno 1836, Napoli 1838.",
10,AVELLINO 1843,"F.M. Avellino, Scavi di Pompei del 1841, in Bullettino archeologico napoletano, 1, 1842-1843 \[1843\], pp. 1-5. ",
11,AVERY 1984,"C. Avery, Bronze statuettes in Woburn Abbey: new attributions to Taddeo Landini and Giuseppe de Levis, in ApolloLond, 119, 264, 1984, pp. 97-103.",
12,AVISSEAU-BROUSTET - COLONNA 2014 ,"M. Avisseau-Broustet - C. Colonna, The Cabinet des Médailles: its history and archaeological collections, in K. Lapatin (ed.), The Berthouville silver treasure and Roman luxury, Los Angeles 2014, pp. 149-170.  ",
13,BABELON 1883,"E. Babelon, Vache de bronze du Cabinet des médailles, in Gazette archéologique. Recueil de monuments pour servir à la connaissance & à l’histoire de l’art dans l’antiquité et le moyen-âge, 8, 1883, pp. 91-92.",
14,BABELON 1887,"E. Babelon, Le Cabinet des antiques à la Bibliothèque nationale. Choix des principaux monuments de l’antiquité, du moyen-âge & de la renaissance conservé au Département des médailles et antiques de la Bibliothèque nationale, Paris 1887.   ",
15,BABELON - BLANCHET 1895,"E. Babelon - J.-A. Blanchet, Catalogue des bronzes antiques de la Bibliothèque nationale, Paris 1895.",
16,BAILEY 1996,"D.M. Bailey, A catalogue of the lamps in the British Museum. IV. Lamps of metal and stone, and lampstands, London 1996.",
17,BARATTE 1992,"F. Baratte, Les trésors de temples dans le monde romain: Une expression particulère de la piété, in S.A. Boyd - M. Mundell Mango (eds.), Ecclesiastical silver plate in sixth-century Byzantium, Papers of the Symposium Held May 16-18, 1986 at The Walters Art Gallery, Baltimore and Dumbarton Oaks, Washington, D.C., Washington, D.C. 1992, pp. 111-122.",
18,BARRÉ - ROUX AINÉ 1839-1840,"L. Barré - H. Roux Ainé, Herculanum et Pompéi. Recueil general des peintures, bronzes, mosaïques, etc. découverts jusq’a ce jour, et reproduits d’après Le Antichità di Ercolano, Il Museo Borbonico et tous les ouvrages analogues augmenté de sujets inédits, I-VIII, Paris 1839-1840.",
19,BASTET 1974,"F.L. Bastet, Fabularum dispositas explications, in BABesch, 49, 1974, pp. 207-240.  ",
20,BASTIEN 2004,"C. Bastien, L’«armure de gladiateur» de la collection Pourtalès conservée au Louvre, in RLouvre, 54, 4, 2001, pp. 44-52.",
21,BASTIEN 2018,"C. Bastien, De Naples à Paris. Les collections italiennes cédées par le Traité de Florence du 28 mars 1801, in RLouvre, 3, 2018, pp. 60-71.      ",
22,BEAUVALLET - NORMAND 1820   ,"P.N. Beauvallet - C. Normand, Fragmens d’ornemens dans le style antique, I, Paris 1820.",
23,BECHI 1829,"G. Bechi, Relazione degli scavi di Pompei. Da Aprile 1828 fino a Maggio 1829, in Real Museo Borbonico, 5, 1829, pp. 1-26. ",
24,BELLUCCI 2021,"N.D. Bellucci, I reperti e i motivi egizi ed egittizzanti a Pompei. Indagine preliminare per una loro contestualizzazione, Oxford 2021.",
25,BIEBER 1928,"M. Bieber, Der Mysteriensaal der Villa Item, in JdI, 43, 1928, pp. 298-330.",
26,BIEBER 1939,"M. Bieber, The history of the Greek and Roman theater, Princeton 1939. ",
27,BIERING 1965,"R. Biering, Die Odysseefresken vom Esquilin, \[München\] 1995. ",
28,BLUNDELL 1803,"\[H. Blundell\], An account of the statues, busts, bass-relieves, cinerary urns, and other ancient marbles, and paintings, at Ince. Collected by H. B., Liverpool 1803. ",
29,BOISSET 2005,"O. Boisset, Les antiques du comte James-Alexandre de Pourtalès-Gorgier (1776-1855): une introduction, in M. Preti-Hamard - P. Sénéchal (éd.), Collections et marché de l’art en France 1789-1848, Rennes 2005, pp. 187-206. ",
30,BOLTE 1882,"I. Bolte, De monumentis ad Odysseam pertinentibus capita selecta, Berolini 1882.",
31,BONFITTO 2017,"P.L. Bonfitto, Archaeological archives at the Getty Research Institute: the Halsted B. Vander Poel Campanian collection, in S. Zanella - J.P. Brun - M. Denoyelle - P. Rouillard - S. Verger (éd.), Les archives de fouilles: modes d’emploi, Paris 2017, pp. 18-40.  ",
32,BOUBE-PICCOT 1975,"C. Boube-Piccot, Les bronzes antiques du Maroc. II. Le mobilier, I-II, Rabat 1975.",
33,BOYER 1956,"F. Boyer, Objets d’antiquité donnés au Premier Consul par le Roi de Naples (1802), in Revue des études italiennes, 3, 4, 1956, pp. 237-242.    ",
34,BREITENSTEIN 1951,"N. Breitenstein, Christian VIII’s Vasecabinet, in Antik-Cabinettet 1851. Udgivet i Hundredaaret af Nationalmuseet, København 1951, pp. 57-176.",
35,BREITENSTEIN 1955,"N. Breitenstein, Hans West, in Kulturminder, 1, 1955, pp. 101-274.",
36,British Museum 1878,"Synopsis of the contents of the British Museum. Department of Greek and Roman antiquities: second vase room. Part I, London 1878. ",
37,Bronze 2005,"M. Droth - P. Curtis (eds.), Bronze. The power of life and death, Leeds \[2005\]. ",
38,BRUNI 2012,"A. Bruni (a cura di), Le Grazie a Woburn Abbey, Firenze 2012.",
39,BRUZZA 1872,"L.M. Bruzza, Varj oggetti antichi rinvenuti nell’Emporio romano, in BdI, 1872, pp. 134-145.",
40,BUCK 1904,"C.D. Buck, A grammar of Oscan and Umbrian with a collection of inscriptions and a glossary, Boston 1904.",
41,BULANDA 1940,"E. Bulanda, Héracles luttant avec le Centaure, in Hoffillerov zbornik. Naučni radovi posvećeni Viktoru Hoffilleru o 60 godišnjici njegova života 19. veljače 1937. godine / Serta Hoffilleriana. Commentationes gratvlatorias Victori Hoffiller sexagenario obtvlervnt collegae, amici, discipvli a.d. XI Kal. Mar. MCMXXXVII, Zagreb 1940, pp. 375-378 \[= Vjesnik Hrvatskoga arheološkoga društva, 18-21, 1937-1940\]. ",
42,BULLE 1928,"H. Bulle, Untersuchungen an Griechischen Theatern, München 1928.",
43,BURIJ 2010,"V.P. Burij, Erfahrungen bei der Restaurierung von Wandmalereien aus dem 1. Jh. u. Z. aus Pompeji / опыт реставрации стенописей I в. н. э. иэ помпей, in G. Schauerte (hrsg. von), Archäologie des Krieges. Archäologische Sammlungen der Staatlichen Museen zu Berlin und des Staatlichen Puschkin-Museums Moskau. Erforschung und Untersuchung, Restaurierung und Konservierung archäologischer Objekte, Kolloquium aus Anlass der Ausstellung ˶Archäologie des Krieges. Rückkehr aus dem Nichts ̏, 5. - 6. 10. 2005, Staatliches Museum der Bildenden Künste A.S. Puschkin, Moskau / Аpxеология войны. Аpxеологические собрания государственныx музеев берлина и музея изобразительныx исскуств им. А.С. Пушкина в Mосkве. Изучение и исследования, реставрация и восстановление арxеологическиx предметов, Kоллоквиум посвященный выставке «Арxеология войны. Возвращение из небытия», 5. - 6. 10. 2005, музей изобразительных исскуств им. A.С. Пушкина, Mосква, Berlin 2010, pp. 118-129.       ",
44,BURLOT - ROGER 2012,"D. Burlot - D. Roger, Les Muses des praedia de Julia Felix, Paris 2012.",
45,CAMODECA - SOLDOVIERI - STEFANILE 2021,"G. Camodeca - U. Soldovieri - M. Stefanile, La riedizione del patrimonio epigrafico latino di Pompei. Risultati e prospettive, in M. Osanna (a cura di), Ricerche e scoperte a Pompei. In ricordo di Enzo Lippolis, Roma 2021, pp. 373-391.",
46,CAMPANILE 1995,"E. Campanile, Per l’interpretazione di osco prúffed, in StEtr, 61, 1995, pp. 358-362.",
47,CANDIDA 1970-1971,"B. Candida, Tradizione figurativa nel mito di Ulisse e le Sirene, in StClOr, 19-20, 1970-1971, pp. 212-253.",
48,Case Pompei 1854-1896,"\[F. Niccolini - F. Niccolini\], Le case ed i monvmenti di Pompei disegnati e descritti, I-IV, Napoli 1854-1896. ",
49,Catalogue Ashmolean 1836,"A catalogue of the Ashmolean Museum, descriptive of the zoological specimens, antiquities, coins, and miscellaneous curiosities, Oxford 1836.",
50,Catalogue gems 1888,"A catalogue of engraved gems in the British Museum (Department of Greek and Roman antiquities), London 1888.",
51,Catalogue Pourtalès 1865,"Vente de la galerie Pourtalès. Catalogue des objets d’art, Paris 1865.",
52,Catalogue Woburn Abbey 1828,"Catalogue of the marbles, bronzes, terre-cotte, and casts, in the sculpture gallery, &c. at Woburn Abbey, London 1828.",
53,CAYLUS 1752-1767,"A.-C.-P. de Tubières comte de Caylus, Recueil d’antiquités egyptiennes, etrusques, greques, romaines et gauloises, I-VII, Paris 1752-1767. ",
54,Caylus 2002,"I. Aghion (éd.), Caylus mécène du roi. Collectionneur les antiquités au XVIIIe siècle, Paris 2002.",
55,Celts 2015,"J. Farley - F. Hunter (eds.), Celts: art and identity, London 2015.",
56,CHABOUILLET 1858,"M. Chabouillet, Catalogue général et raisonné des camées et pierres gravées de la Bibliothèque impériale suivi de la description des autres monuments exposés dans le Cabinet des médailles et antiques, Paris 1858.",
57,CHAINE 2006,"C Chaine, Lancelot-Théodore Turpin de Crissè. L’homme et l’œuvre, in P. Le Nouëne (éd.), Lancelot-Théodore Turpin de Crissé peintre et collectionneur. Paris, 1782-1859, Paris 2006, pp. 33-53.",
58,CHAMAY - MAIER 1989,"J. Chamay - J.-L. Maier, Sculptures en pierre du Musée de Genève. Tome II. Art Romain, Mainz am Rhein 1989.",
59,CHAMOUX 1991a,"F. Chamoux, La génisse d’Herculanum, in MonPiot, 72, 1991, pp. 9-32.",
60,CHAMOUX 1991b,"F. Chamoux, La génisse d’Herculanum au Cabinet des Médailles, in Revue de la Bibliothèque nationale, 41, 1991, pp. 58-62.",
61,CHAMOUX 1993,"F. Chamoux, La génisse d’Herculanum, in BAntFr, 1991, 1993, pp. 75-78.",
62,CHARBONNEAUX 1943-1945,"J. Charbonneaux, La sculpture grecque classique, I-II, Paris 1943-1945.",
63,CHARITONIDIS - KAHIL - GINOUVÈS 1970,"S. Charitonidis - L. Kahil - R. Ginouvès, Les mosaïques de la Maison du Ménandre a Mytilène, Bern 1970.",
64,CHRIST 1901,"W. Christ, Führer durch das K. Antiquarium in München, München 1901. ",
65,Chronik 1872,"IV. Chronik des Vereins, in BJb, 52, 1872, pp. 185-192. ",
66,CHRZANOVSKI 2005,"L. Chrzanovski, Corona lucens. Le thème de la couronne végétale sur les lampes à huile antiques du Musée d’art et d’histoire, in Genava, 53, 2005, pp. 109-115. ",
67,Cleopatra 1988,"Cleopatra’s Egypt. Age of the Ptolemies, Mainz on the Rhine 1988.",
68,COCHE DE LA FERTÉ 1951,"E. Coche de la Ferté, La sculpture grecque et romaine au Musée du Louvre, Paris 19512.",
69,Collections parisiennes 1970,"L’art de Rome et des provinces dans les collections parisiennes, \[Paris 1970\].",
70,COLLIGNON 1892-1897,"M. Collignon, Histoire de la sculpture grecque, I-II, Paris 1892-1897.",
71,CONWAY 1897,"R.S. Conway, The Italic dialects, I-II, Cambridge 1897.",
72,COOLEY 2003,"A.E. Cooley, Pompeii, London 2003.",
73,COOLEY - COOLEY 2004,"A.E. Cooley - M.G.L. Cooley, Pompeii. A sourcebook, London 1996.",
74,CORTI 1940,"E.C.C. Corti, Untergang und Auferstehung von Pompeji und Herculaneum, München 1940.",
75,CUMBO 2015,"C. Cumbo, Ulisse e le sirene. Confronti figurativi e tematiche nella prima arte cristiana tra scultura, pittura, mosaici e arti minori / Ulysses and the Sirens. Figurative and thematic comparisons in Early Christian art among sculpture, painting, mosaics and minor arts, in De Medio Aevo, 8, 2, 2015, pp. 45-64. ",
76,DAVID - MARÉCHAL 1780,"F.A. David - S. Maréchal, Antiquités d’Herculanum, ou le plus belles peintures antiques, et les marbres, bronzes, meubles, etc. etc. trouvés dans les excavations d’Herculanum, Stabia et Pompeïa, I-IX, Paris 1780.",
77,DAWSON 1944,"C.M. Dawson, Romano-Campanian mythological landscape painting, New Haven 1944.",
78,DE BEAUMONT 1878,"E. de Beaumont, Armes méconnues, in GazBA, 17, 1878, pp. 500-513.",
79,DE CARO 1995,"S. De Caro, Le antichità delle città vesuviane nel Settecento e nell’Ottocento, in S. De Caro (a cura di), Pompei e Ercolano, Roma 1995, pp. 9-62. ",
80,DE CLARAC 1813,"\[C.-O.-F.-J.-B. de Clarac\], Pompei, \[Naples 1813\].",
81,DE JORIO 1828,"A. de Jorio, Plan de Pompéi, et remarques sur ses édifices, Naples 1828. ",
82,DE LAGLANDIÈRE 1829a,"E. de Laglandière, Lettre sur les derniéres fouilles de Pompei, in BdI, 1829, pp. 23-26.",
83,DE LAGLANDIÈRE 1829b,"E. de Laglandière, Ulysse et les Sirènes, in AdI, 1829, pp. 284-290.",
84,DE LALANDE 1769,"\[J.J.L. de Lalande\], Voyage d’un François en Italie, Fait dans les Années 1765 & 1766. Concernant l’Histoire & les Anecdotes les plus singulieres de l’Italie, & sa description; les Mœurs, les Usages, le Gouvernement, le Commerce, la Littérature, les Arts, l’Histoire Naturelle, & les Antiquités; avec des jugemens sur les Ouvrages de Peinture, Sculpture & Architecture, & les Plans de toutes les grandes villes d’Italie, I-VIII, Venise 1769.",
85,DE LAURENTIIS 1826,"M. De Laurentiis, Universae Campaniae felicis antiquitates, I-II, Neapoli 1826.",
86,DE RIDDER 1915,"A. De Ridder, Les bronzes antiques du Louvre. Tome second: les instruments, Paris 1915. ",
87,DE WITTE 1836,"J. de Witte, Description des antiquités et objets d’art qui composent le cabinet de feu M. le Chevalier E. Durand, Paris 1836.",
88,DELLA CORTE 1954,"M. Della Corte, Case ed abitanti di Pompei, Pompei - Roma 19542.",
89,DENOYELLE - DESCAMPS-LEQUIME 2007,"M. Denoyelle - S. Descamps-Lequime, Jospehine’s Greek and Roman antiquities: a rediscovered collection, in Eadd., The eye of Josephine. The antiquities collection of the empress in the Musée du Louvre, Paris - Atlanta 2007, pp. 11-25",
90,DEONNA 1912,"W. Deonna, Bronzes du Musée de Genève, in RA, 20, 1912, pp. 32-42.",
91,DEONNA 1916,"W. Deonna, Catalogue des bronzes figurés antiques du Musée d’Art et d’Histoire de Genève, in Anzeiger für Schweizerische Altertumskunde / Indicateur d’antiquités suisses, 18, 1916, pp. 31-46, 102-117. ",
92,DEONNA 1923,"W. Deonna, Ville de Genève. Musée d’Art et d’Histoire. Catalogue des sculptures antiques, Genève 1923 \[1924\].",
93,DESCAMPS-LEQUIME 2013,"S. Descamps-Lequime, The Ferdinand IV donation to the First Consul and his wife: antiquities from the bay of Naples at Malmaison, in C.C. Mattusch (ed.), Rediscovering the ancient world on the bay of Naples, 1710-1890, New Haven - London 2013, pp. 141-160.",
94,DESSALES 2019,"H. Dessales, Recueils de William Gell. Pompéi publiée et inédite (1801-1829), Paris 2019.",
95,DEVILLE 1871,"A. Deville, Histoire de l’art de la verrerie dans l’antiquité, Paris 1871.",
96,Dictionnaire antiquités 1877-1919,"C. Daremberg - E. Saglio (éd.), Dictionnaire des antiquités grecques et romaines d’aprés les textes et les monuments contenant l’explication des termes qui se rapportent aux mœurs, aux institutions, a la religion, aux arts, aux sciences, au costume, au mobilier, a la guerre, a la marine, aux métiers, aux monnaies, poids et mesures, etc., etc. et en général a vie publique et privée des Anciens, I-V, Paris 1877-1919. ",
97,Documenti inediti 1878-1880,"Documenti inediti per servire alla storia dei musei d’Italia pubblicati per cura del Ministero della Pubblica Istruzione, I-IV, Firenze - Roma 1878-1880.",
98,DRAGENDORFF 1895,"H. Dragendorff, Terra sigillata. Ein Beitrag zur Geschichte der griechischen und römischen Keramik, in BJb, 96-97, 1895, pp. 18-155.  ",
99,DRAGENDORFF - WATZINGER 1948,"H. Dragendorff - C. Watzinger, Arretinische Reliefkeramik mit Beschreibung der Sammlung in Tübingen, Reutlingen 1948.  ",
100,DU MÈGE 1835,"A. du Mège, Description du Musée des Antiques de Toulouse, Toulouse 1835. ",
101,DU MERSAN 1838,"M. Du Mersan, Histoire du Cabinet des médailles, antiques et pierres gravées; avec une notice sur la Bibliothèque royale et une description des objets exposés dans cet établissement, Paris 1838.",
102,DUBOIS 1841,"J.J. Dubois, Description des antiques faisant partie des collections de M. le comte de Pourtalès-Gorgier, Paris 1841.",
103,DUMERSAN 1819,"T.M. Dumersan, Notice des monumes exposés dans le Cabinet des médailles et antiques de la Bibliothèque du Roi, Suivie d’une Description des Objets les plus curieux que renferme cet Établissement, de Notes historiques sur sa fondation, ses accroissemens, etc. etc. et d’un catalogue d’empreintes de pierres gravées, Paris 1819. ",
104,DURUY 1887-1889,"V. Duruy, Histoire des Grecs depuis les temps les plus reculés jusq’à la réduction de la Grèce en province romaine, I-III, Paris 1887-1889.",
105,Empire couleur 2014,"P. Capus - A. Dardenay (éd.), L’empire de la couleur. De Pompéi au sud des Gaules, Catalogue de l’exposition présentée au musée Saint-Raymond, musée des Antiques de Toulouse du 15 novembre 2014 au 22 mars 2015, Toulouse 2014.  ",
106,Ercolano 1988,"Le Antichità di Ercolano, Napoli 1988.",
107,Eye Josephine 2007,"M. Denoyelle - S. Descamps-Lequime, The eye of Josephine. The antiquities collection of the empress in the Musée du Louvre, Paris - Atlanta 2007.",
108,FABRETTI 1867,"A. Fabretti, Corpus inscriptionum italicarum antiquioris aevi ordine geopgraphico digestum et glossarium italicum in quo omnia vocabula continentur ex umbricis sabinis oscis volscis etruscis aliisque monumentis quae supersunt collecta et cum interpretationibus variorum explicantur, I-II, Aug. Taurinorum 1867.",
109,FAUST 1989,"S. Faust, Fulcra. Figürlicher und ornamentaler Schmuck an antiken Betten, Mainz am Rhein 1989.",
110,FIORELLI 1856,"G. Fiorelli, Monvmenta epigraphica pompeiana ad fidem archetyporvm expressa. Pars prima, Inscriptionvm oscarvm apographa, Neapoli 1856. ",
111,FIORELLI 1875,"G. Fiorelli, Descrizione di Pompei, Napoli 1875.",
112,Fortegnelse 1813,"Fortegnelse over 59 Malerier, endel antike Vaser, Stene med Indfatning og deslige Konstsager, der tilhøre afdøde Etatsraad og Ridder Wests Dødsbo, og i April Maaned dette Aar Skulle bortsælges i Kjøbenhavn ved offentlig Auction / Verzeichniß 59 Malereien, verschiedener antike Vasen, Steine mit Einfassung und dergleichen Kunstsachen, der Sterbbude des verstorbenen Etatsrath und Ritter West gehörig, und die im April Monat dieses Jahrs in Kopenhagen durch öffentliche Auction verkauft werden sollen, Kiøbenhavn 1813. ",
113,FOUCART-WALTER 2000,"E. Foucart-Walter, La rencontre d’un éminent collectionneur et d’un grand portraitiste: le portrait du comte de Pourtalès-Gorgier par Paul Delaroche. Une dation récente pour le département des Peintures, in RLouvre, 1, 2000, pp. 39-54. ",
114,FRANKEN 1996,"N. Franken, Die antiken Bronzen im Römisch-Germanischen Museum Köln. Fragmente von Statuen. Figürlicher Schmuck von architektonischen Monumenten und Inschriften. Hausausstattung, Möbel, Kultgeräte, Votive und verschieene Geräte, in KölnJb, 29, 1996, pp. 7-203.  ",
115,FRANKEN 1998,"N. Franken, Römische und spätantike Bronzen im Akademischen Kunstmuseum der Universität Bonn, in BJb, 198, 1998, pp. 49-99.",
116,FRANKEN 2014,"N. Franken, Die lateinischen Bronzestempel der Berliner Antikensammlung aus sammlungsgeschichtlicher Sicht, in A. Buonopane - S. Braito (a cura di), Instrumenta inscripta V. Signacula ex aere. Aspetti epigrafici, archeologici, giuridici, prosopografici, collezionistici, Atti del convegno internazionale, Verona, 20-21 settembre 2012, Roma 2014, pp. 195-201.  ",
117,FRIEDERICHS 1871,"C. Friederichs, Berlins antike Bildwerke. II. Antike Geräthe und Broncen im Alten Museum, Düsseldorf 1871.",
118,FRITZ 1995,"M. Fritz, Pompei. Die oskische Bauinschrift vom Nolanertor in Pompeji, in StEtr, 61, 1995, pp. 357-358.  ",
119,FROEHNER 1879,"W. Froehner, La verrerie antique. Description de la collection Charvet, Le Pecq 1879.",
120,GELL 1832,"W. Gell, Pompeiana: the topography, edifices and ornaments of Pompeii, the result of excavations since 1819, I-II, London 1832.  ",
121,GELL - GANDY 1817-1819,"W. Gell - J.P. Gandy, Pompeiana: the topography, edifices, and ornaments of Pompeii, London 1817-1819. ",
122,GERHARD 1830,"O. Gerhard \[E. Gerhard\], I. Letteratura. I. Real museo borbonico. Fasc. XX. Napoli 1829. Fasc. I. II. 1824. 4, in BdI, 1830, pp. 33-37.   ",
123,GHALI-KAHIL 1960,"L. Ghali-Kahil, Un lagynos au Musée du Caire, in MonPiot, 51, 1960, pp. 73-91.",
124,GIANNECHINI 2017,"L. Giannechini, Avant le musée de la Reine: la première collection d’antiques de Caroline Murat en France, in M.T. Caracciolo - J. Lazaj (éd.), Caroline sœur de Napoléon. Reine des Arts, Cinisello Balsamo 2017, pp. 135-141.",
125,Gladiateurs 1987,"Les gladiateurs, Lattes 1987.",
126,GOLVIN - LANDES 1990,"J.-C. Golvin - C. Landes, Amphitheatres & gladiateurs, \[Paris\] 1990.  ",
127,GRANDJEAN 1964,"S. Grandjean, Inventaire après décès de l’Impératrice Joséphine à Malmaison, Paris 1964.",
128,GREIFENHAGEN 1930,"A. Greifenhagen, Bronzekline im Pariser Kunsthandel, in RM, 45, 1930, pp. 137-165. ",
129,GROTEFEND 1839,"G.F. Grotefend, Rudimenta linguae oscae ex inscriptionibus antiquis enodata, Hannoverae 1839.",
130,GUARINI 1830,"R. Guarini, In osca epigrammata nonnvlla commentarivm XI, Neapoli 1830. ",
131,GUARINI 1837,"R. Guarini, Fasti Duumvirali di Pompei, Napoli 1837. ",
132,GUARINI 1846,"R. Guarini, In epigrammata qvaedam osca exercitatio, in Memorie della Regale Accademia Ercolanese di Archeologia, 5, 1846, pp. 1-19.   ",
133,GUSMAN 1899,"P. Gusman, Pompei. La ville – Les mœurs – Les arts, Paris \[1899\]. ",
134,GUZZO 2006,"P.G. Guzzo, Ritrovamenti di argenterie a Pompei e suburbio, in P.G. Guzzo (a cura di), Argenti a Pompei, Milano 2006, pp. 61-76.   ",
135,HAGEMANS 1863,"G. Hagemans, Un cabinet d’amateur. Notices archéologiques et description raisonnée de quelques monuments de haute antiquité, Liége - Leipzig 1863.",
136,HANFMANN 1951,"G.M.A. Hanfmann, The Season Sarcophagus in Dumbarton Oaks, I-II, Cambridge 1951.",
137,HASENPFLUG 2007,"M. Hasenpflug, Bronzewaage, in K. Schade - S. Altekamp (hrsg. von), „Zur Hölle!“ Eine Reise in die antike Unterwelt. Begleitbuch zur Ausstellung im Pergamonmuseum, Berlin 2007, pp. 138-140. ",
138,HAYTER 1879,"G. Hayter, Original etchings, London 1879.",
139,HELBIG 1865,"W. Helbig, II. Monumenti. a. Antichità esistenti in Parigi, in BdI, 1865, pp. 118-127.",
140,HELBIG 1868,"W. Helbig, Wandgemälde der vom Vesuv verschütteten Städte Campaniens, Leipzig 1868.",
141,HELLMANN 1984,"M.-C. Hellmann, Appliques gréco-romaines au Cabinet des Médailles, in RLouvre, 3, 1984, pp. 165-168.",
142,HERES 1972,"G. Heres, Die römischen Bildlampen der Berliner Antiken-Sammlung, Berlin 1972.",
143,HINKS 1933,"R.P. Hinks, Catalogue of the Greek Etruscan and Roman paintings and mosaics in the British Museum, London 1933.",
144,HIRT 1816,"A. Hirt, Bilderbuch für Mythologie, Archäologie und Kunst, Zweites Heft: die Untergötter oder Dämonen, Berlin - Leipzig 1816.",
145,HIRT 1826,"A. Hirt, Götter und Heroen der Griechen und Römer. Nach alten Denkmälern bildlich Bargestellt auf XLVV Tafeln, nebst deren Erklärung, Berlin 1826.    ",
146,History Woburn 1890,"History and description of Woburn and its Abbey. A new edition, London 1890",
147,Hooked books 2004,"E. Harris - N. Savage (eds.), Hooked on books: the library of Sir John Soane, architect 1753-1837, \[London\] 2004.",
148,HUSCHKE 1856,"P.E. Huschke, Die oskischen und sabellischen Sprachdenkmäler. Sprachliche und sachliche Erklärung, Grammatik und Glossarium, Elberfeld 1856.",
149,Imagines Italicae 2011,"M.H. Crawford (ed.), Imagines Italicae. A corpus of Italic inscriptions, I-III, London 2011.",
150,Inscriptionvm latinarvm 1828-1856,"J.K. Hagenbvchius - J.C. von Orelli - W. Henzen, Inscriptionvm latinarvm selectarvm amplissima collectio ad illvstrandam romanae antiqvitatis disciplinam accomodata ac magnarvm collectionvm svpplementa complvra emendationesqve exhibens, I-III, Tvrici 1828-1856.  ",
151,IPPEL 1922,"A. Ippel, Der Bronzefund von Galjûb (Modelle eines hellenistischen Goldschmiedes), Berlin 1922.",
152,HODSKE 2007,"J. Hodske, Mythologische Bildthemen in den Häusern Pompejis. Die Bedeutung der zentralen Mythenbilder für Bewohner Pompejis, Stendal - Ruhpolding - Mainz 2007.",
153,Iside 1997,"E.A. Arslan (a cura di), Iside: il mito, il mistero, la magia, Milano 1997.   ",
154,JANNELLI 1841,"C. Jannelli, Veterum oscorum inscriptiones, et tabulae eugubinae latina interpretatione tentatae: tum specimina etymologica in probationem systematis glossogonici atque hermeneutici propositi, Neapoli 1841.",
155,JUNKELMANN 2000a,"M. Junkelmann, Das Spiel mit dem Tod. So kämpften Roms Gladiatoren, Mainz am Rhein 2000.",
156,JUNKELMANN 2000b,"M. Junkelmann, Familia Gladiatoria, in E. Köhne - C. Ewigleben (hrsg. von), Caesaren und Gladiatoren. Die Macht der Unterhaltung im antiken Rom, Mainz am Rhein 2000, pp. 39-80. ",
157,JUSTE 1864,"T. Juste, Catalogue des collections composant le Musée royal d’antiquités, d’armures & d’artillerie (Bruxelles) précédé d’une notice historique, Bruxelles 1864.",
158,KILIAN 1777-1802,"G.C. Kilian, Li contorni delle pitture antiche d’Ercolano con le spiegazioni incise d’appresso l’originale, I-VIII.3, Augusta 1777-1802.  ",
159,KLEIN 1919,"W. Klein, Pompejanische Bilderstudien II. (Zum Grundproblem der pompejanischen Wandmalerei III.), in ÖJh, 19-20, 1919, pp. 268-295.",
160,KOCKEL 2017,"V. Kockel, Appunti per una storia della cartografia di Pompei: i primi cent’anni, in R. Morichi - R. Paone - F. Sampaolo, Pompei. Nuova cartografia informatizzata georiferita, Roma 2017, pp. 59-101.  ",
161,KOEPPEN - BREUER 1904,"A. Koeppen - C. Breuer Geschichte des Möbels unter Berücksichtigung der architektonischen und tektonischen Formen eine Stillhere für Bau- und Möbeltischler. Die Entwicklung des Möbels von den Anfängen des menschlichen Wohnbaus bis zur römischen Kaiserzeit unter Einbeziehung des Mobiliars in den ostasiatischen Ländern, Berlin - New York 1904.   ",
162,Königlichen Museums 1871,"Erwerbungen des königlichen Museums an Antiken in den Jahren 1869-1870, in AZ, 29, 1871, pp. 119-124. ",
163,KÖTZSCHE 2004,"L. Kötzsche, Der bemalte Behang in der Abegg-Stiftung in Riggisberg. Eine alttestamentliche Bildfolge des 4. Jahrhunderts, Riggisberg 2004.",
164,KNAUER 1995,"E.R. Knauer, Urnula faberrime cavata. Observations on a vessel used in the cult of Isis, Stuttgart - Leipzig 1995.",
165,KUNZE 1989b,"M. Kunze, Künstler, Kenner und Sammler. Anmerkungen zur Geschichte der pompejanischen Funde in der Berliner Antikensammlung, in FuB, 27, 1989, pp. 163-183.",
166,KÜNZL 1975,"E. Künzl, Eine Silberkanne mit Kentauromachie aus Pompeji, in JbRGZM, 22, 1975, pp. 62-80. ",
167,KÜNZL 1979,"E. Künzl, Le argenterie, in F. Zevi (a cura di), Pompei 79: raccolta di studi per il decimonono centenario dell’eruzione vesuviana, Napoli 1979, pp. 211-228.",
168,KÜTHMANN 1959,"H.C.A. Küthmann, Untersuchungen zur Toreutik des zweiten und ersten Jahrunderts vor Christus, Kallmünz 1959. ",
169,LECLERCQ-MARX 1992,"J. Leclercq-Marx, Les sirènes antiques, in Sirènes m’étaient contées, Bruxelles 1992, pp. 22-33.",
170,LECLERCQ-MARX 1997,"J. Leclercq-Marx, La Sirène dans la pensée et dans l’art de l’Antiquité et du Moyen Âge. Du mythe païen au symbole chrétien, Bruxelles 1997.",
171,LENORMANT 1864,"F. Lenormant, La galerie Pourtalès. II. Antiquités grecques et romaines, in GazBA, 17, 1864, pp. 473-506.",
172,LEPSIUS 1841,"C.R. Lepsius, Inscriptiones umbricae et oscae quotquot adhuc repertae sunt omnes, Lipsiae 1841.  ",
173,Lettres sur Paris 1809,"\[K.C. von Berckheim\], Lettres sur Paris, ou Correspondance de M. ***, dans les années 1806 et 1807, Heidelberg 1809.",
174,Lexikon Mythologie 1894-1897,"W.H. Roscher (hrsg. von), Ausführliches Lexikon der griechischen und römischen Mythologie, II.2, Leipzig 1894-1897.",
175,LING 1991,"R. Ling, Roman painting, Cambridge 1991.",
176,Louvre 2007,"C. Giroire - D. Roger, Roman Art from the Louvre, New York - Manchester 2007.",
177,LUCE 2017,"J.-M. Luce, L’observateur implicite dans l’art de l’Antiquité classique (fin VIe s.-Ier s. av. J.-C.), in Pallas, 105, 2017, pp. 115-147.",
178,Magasin Encyclopédique 1802,"Magasin Encyclopédique ou Journal des Sciences, des Letrres et des Arts, VIII.e année, III, Paris 1802.",
179,Magasin Encyclopédique 1803,"Magasin Encyclopédique ou Journal des Sciences, des Letrres et des Arts, IX.e année, II, Paris 1803.",
180,MAIURI 1929,"A. Maiuri, Studi e ricerche sulla fortificazione di Pompei, in MonAnt, 33, 1929, coll. 113-288.",
181,MAIURI 1951,"A. Maiuri, Gli scavi di Pompei nel programma delle opere della Cassa per il Mezzogiorno. V novembre MCMLI, Napoli 1951.",
182,MAIURI 1954,"A. Maiuri, Nascita e ratto delle “nove Muse„ a Pompei, in Il Premio Napoli “Le Nove Muse„ 1954, Napoli 1954, pp. 123-126.",
183,MASCOLI et al. 1981,"L. Mascoli - P. Pinon - G. Vallet - F. Zevi, Architetti, «antiquari» e viaggiatori francesi a Pompei dalla metà del Settecento alla fine dell’Ottocento, in Pompei e gli architetti francesi dell’Ottocento, Napoli 1981, pp. 3-53. ",
184,MAU 1875,"A. Mau, II. Monumenti. a. Pitture di Pompei, in BdI, 1875, pp. 235-242.",
185,MAZOIS 1812-1838,"F. Mazois, Les ruines de Pompéi, I-IV, Paris 1812\[1824\]-1838.",
186,MAZZEI 1991,"M. Mazzei, Documenti per lo studio del collezionismo antiquario: l’atto di vendita della raccolta di Carolina Bonaparte a Ludwig di Baviera, in Taras, 11, 1, 1991, pp. 115-130.",
187,MERKELBACH 1995,"R. Merkelbach, Isis regina – Zeus Sarapis. Die griechisch-ägyptische Religion nach den Quellen dargestellt, Stuttgart - Leipzig 1995.",
188,MEUNIER 2005b,"C. Meunier, Joséphine et les Antiques. Le catalogue d’Alexandre Lenoir en 1809, in Bulletin de la Société de l’Histoire de l’Art français, 2005 \[2006\], pp. 153-201.",
189,MEUNIER 2007,"C. Meunier, The antiques of Malmaison, in M. Denoyelle - S. Descamps-Lequime, The eye of Josephine. The antiquities collection of the empress in the Musée du Louvre, Paris - Atlanta 2007, pp. 27-39. ",
190,MICALI 1832,"G. Micali, Monumenti per servire alla storia degli antichi popoli italiani, Firenze 1832.",
191,MICHAELIS 1882,"A. Michaelis, Ancient marbles in Great Britain, Cambridge 1882. ",
192,MIELSCH 1971,"H. Mielsch, Römische Architekturterrakotten und Wandmalereien im Akademischen Kunstmuseum Bonn, Berlin 1971.",
193,MILLIN 1811,"A.-L. Millin, Galerie mythologique. Recueil de monuments pour servir a l’étude de la mythologie, de l’histoire de l’art, de l’antiquité figurée, et du langage allégorique des Anciens. Avec 190 planches gravées au trait, contenant près de 800 monuments antiques, tels que statues, bas-reliefs, pierres gravées, médailles, fresques et peintures des vases, dont plus de 50 sont inédits, I-II, Paris 1811.   ",
194,MIZIOŁEK 2009-2010,"J. Miziołek, I capolavori sotto il Vesuvio e la loro fortuna in Polonia tra Sette e Ottocento, in Atti dell’Accademia Polacca, 1, 2009-2010 \[2012\], pp. 11-31. ",
195,MIZIOŁEK 2010a,"J. Miziołek, Muse, Baccanti e Centauri. I capolavori della pittura pompeiana e la loro fortuna in Polonia, Varsavia 2010.",
196,MIZIOŁEK 2010b,"J. Miziołek, “En danseuse d’Herculanum”. Qualche osservazione sulla fortuna della pittura pompeiana in Polonia, in S. Napolitano (a cura di), Scambi e confronti, sui modi dell’arte e della cultura, tra Italia e Polonia. Esperienze significative ed occasioni di riflessione, Atti del convegno internazionale di studi (Varsavia, Istituto Italiano di Cultura, 5 marzo 2010 - Nola, Chiesa dei Ss. Apostoli, 24-25 giugno 2010), Nola 2010, pp. 155-179.",
197,MOMMSEN 1850,"T. Mommsen, Die unteritalische Dialekte, Leipzig 1850.",
198,MOORMANN 1986,"E.M. Moormann, La pittura parietale romana come fonte di conoscenza per la scultura antica, Nijmegen 1986.",
199,MÜLLER 1913,"F. Müller, Die antiken Odyssee-Illustrationen in ihrer kunsthistorischen Entwicklung, Berlin 1913.  ",
200,MÜLLER - OESTERLEY - WIESELER 1832-1856,"C.O. Müller - C. Oesterley - F. Wieseler, Denkmäler der alten Kunst, I-II, Göttingen 1832-1856.",
201,MULLIEZ - AUSSILLOUX-CORREA 2017,"M. Mulliez - A. Aussilloux-Correa, La peinture murale antique. Une gageure technique à l’épreuve de l’archéologie expérimentale, in M. Carrive (éd.), Remployer, recycler, restaurer. Les autres vies des enduits peints, Rome 2017, pp. 93-105.  ",
202,MUTHMANN 1975,"F. Muthmann, Mutter und Quelle. Studien zur Quellenverehrung im Altertum und im Mittelalter, Basel - Mainz 1975. ",
203,NAUERTH 1998,"C. Nauerth, Antike Hafenbilder - das Beispiel Alexandria, in SAK, 26, 1998, pp. 191-202. ",
204,NEUGEBAUER 1927,"K.A. Neugebauer, Bronzegerät des Altertums, Bielefeld - Leipzig 1927.",
205,NEWTON 1867,"C.T. Newton, British Museum. A Guide to the Blacas collection of antiquities, London 1867. ",
206,NISSEN 1877,"H. Nissen, Pompeianische Studien zur Städtekunde des Altertums, Leipzig 1877.",
207,Œuvre choisies 1846,"Œuvre choisies des peintres de l’Antiquité précédées d’une notice historique sur la peinture antique, Paris 1846.",
208,OPPER 2021,"T. Opper, Nero: the man behind the myth, London 2021.",
209,Ornati 1796-1808,"Gli ornati delle pareti ed i pavimenti delle stanze dell’antica Pompei incisi in rame, I-II, Napoli 1796-1808.",
210,OSSANNA CAVADINI 2018,"N. Ossanna Cavadini, La rappresentazione della città dissepolta, dal disegno inciso al rilievo architettonico / The representation of the city unearthed, from engraved drawings to the architectural survey, in P.G. Guzzo - M.R. Esposito - N. Ossanna Cavadini (a cura di), Ercolano e Pompei. Visioni di una scoperta / Herculaneum and Pompeii. Visions of a discovery, Ginevra 2018, pp. 30-53. ",
211,OVERBECK 1856,"J. Overbeck, Pompeji in seinen Gebäuden, Alterthümern und Kunstwerken für Kunst- und Alterthumsfreunde, Leipzig 1856. ",
212,ÖZGENEL 2008,"L. Özgenel, A tale of two cities: in search for ancient Pompeii and Herculaneum, in METU Journal of the Faculty of Architecture, 25, 1, 2008, pp. 1-25.",
213,PAGANO 1997,"M. Pagano, I diari di scavo di Pompei, Ercolano e Stabia di Francesco e Pietro La Vega (1764-1810). Raccolta e studio di documenti inediti, Roma 1997.",
214,PAGANO - PRISCIANDARO 2006 ,"M. Pagano - R. Prisciandaro, Studio sulle provenienze degli oggetti rinvenuti negli scavi borbonici del Regno di Napoli. Una lettura integrata, coordinata e commentata della documentazione, I-II, Castellammare di Stabia 2006. ",
215,PAINTER 2001,"K.S. Painter, The insula of the Menander at Pompeii, Volume IV: the silver treasure, Oxford 2001.  ",
216,PANOFKA 1827,"T. Panofka, Il Museo Bartoldiano, Berlino 1827.",
217,PANOFKA 1842,"T. Panofka (hrsg. von), Terracotten des königlichen Museums zu Berlin, Berlin 1842.",
218,PARIS 1889,"P. Paris, La sculpture antique, Paris 1889.",
219,PARISE BADONI 1981,"F. Parise Badoni, La campagna fotografica dell’Istituto Centrale per il Catalogo e la Documentazione, in Pompei 1748-1980. I tempi della documentazione, Roma 1981, pp. 57-80.",
220,PARRY 1831a,"J.D. Parry, History and description of Woburn and its Abbey, etc. etc., London \[1831\].",
221,PARRY 1831b,"J.D. Parry, A guide to Woburn Abbey, Woburn 1831.",
222,PARSLOW 1988,"C. Parslow, Documents illustrating the excavations of the Praedia of Julia Felix in Pompeii, in RStPomp, 2, 1988, pp. 37-48. ",
223,PARSLOW 1995,"C.C. Parslow, Rediscovering antiquity: Karl Weber and the excavation of Herculaneum, Pompeii, and Stabiae, Cambridge 1995.",
224,PERNICE 1904,"E. Pernice, Türgriff mit Verschlussvorrichtung aus Boscoreale, in JdI, 19, 1904, pp. 15-21.",
225,PETERS 1963,"W.J.T. Peters, Landscape in Romano-Campanian mural painting, Assen 1963.",
226,Petit Palais 1973,"Pompēi. Petit Palais: janvier - mars 1973, Paris 1973.",
227,PFLUG 1989,"H. Pflug, Schutz und Zier. Helme aus dem Antikenmuseum Berlin und Waffen anderer Sammlungen, Basel 1989.",
228,PICARD 1935-1966,"C. Picard, Manuel d’archéologie grecque. La sculpture, I-V, Paris 1935-1966. ",
229,PICCOT-BOUBE 1960,"C. Piccot-Boube, Les lits de bronze de Maurétanie Tingitane, in BAMaroc, 4, 1960, pp. 189-286.",
230,PICKARD-CAMBRIDGE 1953,"A. Pickard-Cambridge, The dramatic festivals of Athens, Oxford 1953. ",
231,PINKWART 1965,"D. Pinkwart, Das Relief des Archelaos von Priene und die „Musen des Philiskos”, Kallmünz 1965.",
232,PIRIOU - ROGER 2015a,"A. Piriou - D. Roger, El descubrimiento de la decoración privada antigua y la colección del Museo del Louvre / La découverte du décor privé antique et la collection du musée du Louvre, in D. Roger - A. Piriou (edd.), Mujeres de Roma. Seductoras, maternales, excesivas. Colecciones del Museo del Louvre / Harmonie et excès. L’image de la femme dans le décor domestique romain, Barcelona 2015, pp. 63-71 / 306-309.   ",
233,PIRIOU - ROGER 2015b,"A. Piriou - D. Roger, Vis materna, romanas ideales / Vis materna, romaines idéales, in D. Roger - A. Piriou (edd.), Mujeres de Roma. Seductoras, maternales, excesivas. Colecciones del Museo del Louvre / Harmonie et excès. L’image de la femme dans le décor domestique romain, Barcelona 2015, pp. 98-159 / 313-320.   ",
234,PIROLI 1789-1807,"\[T. Piroli\], Le antichità di Ercolano, I-VI, Roma 1789-1807.",
235,Pittura Impero 2009,"E. La Rocca - S. Ensoli - S. Tortorella - M. Papini (a cura di), Roma. La Pittura di un Impero, Milano 2009. ",
236,PLATZ-HORSTER 2018,"G. Platz-Horster, Knochenarbeiten. Objekte aus Bein, Elfenbein, Geweih, Horn und Zahn in der Antikensammlung Berlin, Berlin - Regensburg 2018.",
237,Pompei Europa 2015,"M. Osanna - M.T. Caracciolo - L. Gallo (a cura di), Pompei e l’Europa 1748-1943, Milano 2015.",
238,Pompeji 1973,"Pompeji. Leben und Kunst in den Vesuvstädten, Recklinghausen \[1973\]. ",
239,QUARANTA 1824,"B. Quaranta, Scena Comica – Antico dipinto di Pompei, in Real Museo Borbonico, 1, 1824 \[1829\], pp. 1-2",
240,RAGGHIANTI 1963,"C.L. Ragghianti, Pittori di Pompei, Milano 1963.",
241,RANSOM 1905,"C.L. Ransom, Studies in ancient furniture. Couches and beds of the Greeks Etruscans and Romans, Chicago 1905. ",
242,RAOUL-ROCHETTE 1833,"\[D.-R. Rochette\], Monumens inédits d’antiquité figurée, grecque, étrusque et romaine, I, Paris 1833.",
243,REINACH 1897-1930,"S. Reinach, Répertoire de la statuaire grecque et romaine, I-VI, Paris 1897-1930.",
244,REINACH 1909-1912,"S. Reinach, Répertoire de Reliefs Grecs et Romains, I-III, Paris 1909-1912.",
245,REINACH 1922,"S. Reinach, Répertoire de Peintures Grecques et Romaines (RPGR.), Paris 1922. ",
246,RICHARDSON 1955,"L. Richardson Jr., Pompeii: the Casa dei Dioscuri and its painters, Rome 1955.",
247,RICHARDSON 2000,"L. Richardson Jr., A catalog of identifiable figure painters of ancient Pompeii, Herculaneum and Stabiae, Baltimore – London 2000.",
248,RICHER 1906-1929,"P. Richer, Nouvelle anatomie artistique du corps humain, I-VI, Paris 1906-1929.  ",
249,RICHTER 1929,"G.M.A. Richter, Sculpture and sculptors of the Greeks, New Haven - London 1929.",
250,RICHTER 1930,"G.M.A. Richter, Animals in Greek sculpture. A survey, New York 1930. ",
251,RIGGSBY 2019,"A.M. Riggsby, Mosaics of knowledge. Representing information in the Roman world, New York 2019.",
252,ROBERT 1877,"C. Robert, Daidalos und Ikaros. Pompejanisches Wandgemälde, in AZ, 35, 1877, pp. 1-8.",
253,ROBERTS 2013,"P. Roberts, Life and death in Pompeii and Herculaneum, London 2013.",
254,ROGER 2015,"D. Roger, Seducción / Séduction, in D. Roger - A. Piriou (edd.), Mujeres de Roma. Seductoras, maternales, excesivas. Colecciones del Museo del Louvre / Harmonie et excès. L’image de la femme dans le décor domestique romain, Barcelona 2015, pp. 160-213 / 320-325.",
255,Roma S·P·Q·R 2007,"Roma S·P·Q·R. Senatus Populus Que Romanus, Madrid 2007.",
256,ROMANELLI 1817,"D. Romanelli, Viaggio a Pompei a Pesto e di ritorno ad Ercolano ed a Pozzuoli, Edizione seconda migliorata, ed arricchita di tutte le nuove scoverte, di una pianta esattissima di Pompei, e del viaggio a Pozzuoli, I-II, Napoli 1817.",
257,Rome 2022,"C. Giroire - M. Szewczyk (éd.), Rome. La cité et l'empire, Lens - Gand 2022.",
258,ROSCHACH 1865a,"\[E. Roschach\], Musée de Toulouse. Catalogue des antiquités et des objets d’art, Toulouse 1865.",
259,ROSCHACH 1865b,"\[E. Roschach\], Musées de Toulouse. Antiquités, Musée des Augustins. Objets d’art, Musée Saint-Raymond, Toulouse \[1865\].",
260,ROSCHACH 1892,"\[E. Roschach\], Catalogue des Musée archéologiques de la ville de Toulouse. Musée des Augustins et Musée Saint-Raymond, Toulouse 1892.",
261,ROSSIGNANI 1967,"M.P. Rossignani, Saggio sui restauri settecenteschi ai dipinti di Ercolano e Pompei, in CIstAMilano, 1, 1967, pp. 7-133.",
262,ROUCOULE 1836,"\[?\] Roucoule, Catalogue raisonné de la galerie de peinture du Musée de Toulouse, Toulouse 1836. ",
263,SAINT-NON 1829,"J.-C. R. de Saint-Non, Voyage pittoresque à Naples et en Sicilie. Nouvelle édition, corrigée, augmentée, mise dans un meilleur ordre, et dédiée a Monsieur le Vicomte de Martignac, par P.-J. Charrin, I-IV, Paris 1829.",
264,SAMPAOLO c.d.s.,"V. Sampaolo, La decorazione pittorica dei Praedia di Iulia Felix: studi in corso e prospettive future, in A. Anguissola - R. Olivito (a cura di), PRAEDIA I. Edizione degli scavi nei Praedia di Iulia Felix e studi sulla Regio II di Pompei, c.d.s.  ",
265,Sangue e arena 2001,"A. La Regina (a cura di), Sangue e arena, Milano 2001.   ",
266,Scenata 2007,"Scenata sulla porta / Scene at the door, in N. Savarese (a cura di), In scæna. Il teatro di Roma antica / In scæna. The theater in ancient Rome, Milano 2007, p. 85.",
267,SCHEFOLD 1957,"K. Schefold, Die Wände Pompejis. Topographisches Verzeichnis der Bildmotive, Berlin 1957.",
268,SCHEFOLD 1962,"K. Schefold, Vergessenes Pompeji. Unveröffentlichte Bilder römischer Wanddekorationen in geschichtlicher Folge herausgegeben, Bern - München 1962.",
269,SCHORN 1829-1831,"L. Schorn, Über die Bildung der Sirenen auf antiken Denkmälern, in Jahres-Berichte der Königlich Baijer’schen Akademie der Wissenschaften, 2, 1829-1831, pp. 62-65. ",
270,SCHRADER 1868,"H. Schrader, Die Sirenen nach ihrer Bedeutung und künstlerischen Darstellung, Berlin 1868.",
271,SCHUERMANS 1867,"H. Schuermans, Sigles figulins (époque romaine), in Annales de l’Académie d’Archéologie de Belgique, 23, 1867, pp. 5-293.",
272,SCHUERMANS 1869,"H. Schuermans, Inscriptions romaines provenant de l’étranger et recueillies en Belgique, in Bulletin des commissions royales d’art et d’archéologie, 8, 1869, pp. 293-384.  ",
273,SCOGNAMIGLIO 2016,"O. Scognamiglio, Clarac e gli altri: disegnatori di Pompei alla corte di Carolina Murat, in M. Osanna - R. Cioffi - A. Di Benedetto - L. Gallo (a cura di), Pompei e l’Europa. Atti del Convegno, Milano 2016, pp. 58-68.",
274,SCOTT 2003,"J. Scott, The pleasures of antiquity. British collectors of Greece and Rome, New Haven 2003.",
275,SCOTTO DI FRECA 1999,"F. Scotto di Freca, Autopsia dell’iscrizione osca di Porta di Nola, in RStPomp, 10, 1999, pp. 210-212.",
276,SÉRIEYS 1801,"A. Sérieys, Voyage en Italie de M. l’abbé Barthelemy, de l’Académie Française, de celle des Inscriptions et Belles-Lettres, et auteur du voyage d’Anacharsis; imprimé sur ses lettres originales écrites au comte de Caylus: Avec un Appendice, où se trouvent des morceaux inédits de Winckelmann, du P. Jacquier, de l’Abbé Zarillo, Académicien d’Herculanum et Antiquaire du Roi de Naples, et d’autres Savans, Paris 1801.",
277,SIEVEKING 1924,"J. Sieveking, Antike Metallgeräte, München \[1924\].",
278,SIMON 1938,"A.K.H. Simon, Comicae tabellae, Emsdetten 1938.",
279,Sirènes 1992,"Sirènes m’étaient contées, Bruxelles 1992.",
280,SMITH 1900,"A.H. Smith, A catalogue of sculpture at Woburn Abbey in the collection of his grace the Duke of Bedford, London 1900.",
281,SOGLIANO 1879,"A. Sogliano, Le pitture murali campane scoverte negli anni 1867-79, in Pompei e la regione sotterrata dal Vesuvio nell’anno LXXIX, Napoli 1879, pp. 87-243. ",
282,Souvenirs Pourtalès 1863,"Souvenirs de la galerie Pourtalès. Tableaux, antiques et objets d’art, Paris 1863.",
283,SPINAZZOLA 1953,"V. Spinazzola, Pompei alla lvce degli scavi nvovi di Via dell’Abbondanza (anni 1910-1923), I-III, Roma 1953.",
284,Staatliche Sammlung 1972,"Staatliche Sammlung Ägyptischer Kunst, München 1972.",
285,STEFANI 2006,"G. Stefani, L’oinochoe istoriata della Casa di Pansa, in P.G. Guzzo (a cura di), Argenti a Pompei, Milano 2006, p. 75. ",
286,STEPHANI 1866,"L. Stephani, Erklärung einer im Jahre 1865 im südlichen Russland gefundenen Gegenstände, in CRPétersbourg, 1866 \[1867\], pp. 3-136. ",
287,STRONG 1966,"D.E. Strong, Greek and Roman gold and silver plate, London 1966.",
288,STRONG - JOLLIFFE 1924,"E. Strong - N. Jolliffe, The stuccoes of the underground basilica near the Porta Maggiore, in JHS, 44, 1, 1924, pp. 65-111.",
289,STUART LEE 2020,"K. Stuart Lee, Cityscapes in Roman painting: the amphitheater riot fresco as a piece of “popular art”, in New Classicists, 2, 2020, pp. 79-111.    ",
290,SUTTON 1965,"\[D. Sutton\], Editorial. A noble heritage, in ApolloLond, 82, 46, 1965, pp. 437-441.",
291,SUTTON 1984,"D. Sutton, The lure of the Antique, in ApolloLond, 119, 267, 1984, pp. 312-321.",
292,TASSINARI 2018,"S. Tassinari, Au musée du Louvre, des vases en bronze romains en quête d’origine, in La vaisselle romaine, Paris 2018, pp. 11-97 \[= BAParis, 38, 2018\]. ",
293,TERNITE 1839-1858,"W. Ternite, Wandgemälde aus Pompeji und Herculanum nach den Zeichnungen und Nachbildungen in Farben, I,1-11, Berlin \[1839-1858\].",
294,TESTA 1989,"A. Testa, Candelabri e Thymiateria, Roma 1989.",
295,TEXIER 1852-1853,"E. Texier, Tableau de Paris, I-II, Paris 1852-1853.",
296,TEYSSIER 2009,"E. Teyssier, La Mort en face. Le dossier Gladiateurs, Arles 2009.",
297,THORNTON - DOREY 1992,"P. Thornton - H. Dorey, A miscellany of objects from Sir John Soane’s Museum consisting of paintings, architectural drawings and other curiosities from the collection of Sir John Soane, London 1992.",
298,TOUCHEFEU-MEYNIER 1968,"O. Touchefeu-Meynier, Thèmes odysséens dans l’art antique, Paris 1968.",
299,TRAN TAM TINH 1964,"V. Tran Tam Tinh, Essai sur le culte d’Isis a Pompéi, Paris 1964.",
300,TRAN TAM TINH 1974,"V. Tran Tam Tinh, Catalogue des peintures romaines (Latium et Campanie) du musée du Louvre, Paris 1974.",
301,Treasure houses 1985,"G. Jackson-Stops (ed.), The treasure houses of Britain. Five hundred years of private patronage and art collecting, Washington - New Haven - London 1985.",
302,TREU 1874,"G. Treu, De ossivm hvmanorvm larvarvmque apvd antiqvos imaginibvs capita dvo, Berolini 1874.",
303,VAN DER GRAAFF 2019,"I. van der Graaff, The fortifications of Pompeii and ancient Italy, Abingdon - New York 2019.",
304,VERMEULE 1973,"\[C.C. Vermeule\], A catalogue of the classical antiquities in Sir John Soane’s Museum, I-II, Boston 1973.",
305,VERMEULE - VON BOTHMER 1956,"C. Vermeule - D. von Bothmer, Notes on a new edition of Michaelis: ancient marbles in Great Britain. Part two, in AJA, 60, 4, 1956, pp. 321-350.  ",
306,VETTER 1953,"E. Vetter, Handbuch der italischen Dialekte, Heidelberg 1953.",
307,VIERNEISEL 1978,"K. Vierneisel (hrsg. von), Römisches im Antikenmuseum, Berlin 1978. ",
308,VILLE 1965,"G. Ville, Essai de datation de la mosaïque des gladiateurs de Zliten, in La mosaïque gréco-romaine, Paris, 29 Août - 3 Septembre 1963, Paris 1965, pp. 147-155. ",
309,VLAD BORRELLI 1956,"L. Vlad Borrelli, Un nuovo frammento dei “paesaggi dell’Odissea”, in BdA, 41, 1956, pp. 289-300.  ",
310,VON BLANCKENHAGEN 1963,"P.H. von Blanckenhagen, The Odyssey frieze, in RM, 70, 1963, pp. 100-146. ",
311,VON BLANCKENHAGEN 1968,"P.H. von Blanckenhagen, Daedalus and Icarus on Pompeian walls, in RM, 75, 1968, pp. 106-143. ",
312,VON HASTFER 1805-1806,"H. von Hastfer, Leben und Kunst in Paris seit Napoleon dem Ersten, I-II, Weimar 1805-1806.",
313,VON LIPPERHEIDE 1896,"F. von Lipperheide, Antike Helme, München 1896.",
314,VON MURR 1777-1799,"C.G. von Murr, Abbildungen der Gemälde und Alterthümer, welche seit 1738. sowohl in der verschütteten Stadt Herkulanum, als auch in den umliegenden Gegenden an das Licht gebracht worden, nebst ihrer Erklärung, I-VIII.2, Augsburg 1777-1799.",
315,VON PLANTA 1892-1897,"R. von Planta, Grammatik der oskisch-umbrischen Dialekte, I-II, Strassburg 1892-1897.",
316,WAAGEN 1837-1839,"G.F. Waagen, Kunstwerke und Künstler in England und Paris, I-III, Berlin 1837-1839.",
317,WAHL 1977,"J. Wahl, Gladiatorenhelm-Beschläge vom Limes, in Germania, 55, 1977, pp. 108-132. ",
318,WALTERS 1899,"H.B. Walters, Catalogue of the bronzes, Greek, Roman, and Etruscan, in the Department of Greek and Roman Antiquities, British Museum, London 1899.",
319,WALTERS 1911,"H.B. Walters, The art of the Romans, London 1911.",
320,WARD-PERKINS - CLARIDGE 1976,"J. Ward-Perkins - A. Claridge, Pompeii AD79, Bristol 1976.   ",
321,WARIN 2015,"I. Warin, La collection des bronzes romains du Comte de Caulus (1692-1765), in E. Deschler-Erb - P. Della Casa (eds.), New research on ancient bronzes, Acta of the XVIIIth International Congress on Ancient Bronzes, Zürich 2015, pp. 357-362.",
322,WEBER 1830,"C. Weber \[K.J. Weber\], c. Pianta di una porzione degli edificii e strade della pompeana, in Annali dell’Instituto di Corrispondenza Archeologica / Annales de l’Institut de Correspondance Archéologique, 2, 1830, pp. 42-51. ",
323,WEBSTER 1956,"T.B.L. Webster, Greek theatre production, London 1956.",
324,WEBSTER 1961,"T.B.L. Webster, Monuments illustrating New Comedy, London 1961.",
325,WEGNER 1966,"M. Wegner, Die Musensarkophage, Berlin 1966.",
326,WEICKER 1902,"G. Weicker, Der Seelenvogel in der alten Litteratur und Kunst, Leipzig 1902.",
327,WIESELER 1851,"F. Wieseler, Theatergebäude und Denkmäler des Bühnenwesens bei den Griechen und Römern, Göttingen 1851.",
328,WIESELER 1856,"F. Wieseler, Denkmäler der alten Kunst, II,1-5, Göttingen 1856.",
329,WINCKELMANN 1762,"J.J. Winckelmann, Sendschreiben von den Herculanischen Entdeckungen. An den Hochgebohrnen Herrn, Herrn Heinrich Reichsgrafen von Brühl, Starosten von Bolynow, Rittern des hierosolymitanischen Ordens von Maltha, Sr. Königl. Majest. in Pohlen und Churfürstl. Durchl. zu Sachsen hochbestallten Cammerherrn ec. ec., Dresden 1762.",
330,Winckelmann Egitto 2004,"A. Grimm - G.A. Mina Zeni (a cura di), Winckelmann e l’Egitto. La riscoperta dell’arte egizia nel XVIII secolo, Berna 2004.",
331,Winckelmannsfeste 1872,"Chronik der Winckelmannsfeste, in AZ, 30, 1872, pp. 175-179. ",
332,Woburn Abbey 1822,"Outline engravings and descriptions of the Woburn Abbey marbles, London 1822.",
333,ZAHN 1828-1859,"W. Zahn, Die schönsten Ornamente und merkwürdigsten Gemälde aus Pompeji, Herculanum und Stabiae nebst einigen Grundrissen und Ansichten nach den an Ort und Stelle gemachten Originalzeichnungen, I-III, Berlin 1828-1859.",
334,ZVETAIEFF 1878,"I. Zvetaieff, Sylloge inscriptionvm oscarvm ad archetyporvm et librorvm fidem, I-II, Petropoli 1878.",
335,,,
336,,,
