ID,Bibliografia
BE 001,"DE WITTE 1836, p. 354, n. 1475
HAGEMANS 1863, p. 471, n. 4, pl. XV, fig. 3
JUSTE 1864, p. 150, cat. O. 4
SCHUERMANS 1867, p. 208, n. 4320
SCHUERMANS 1869, p. 363, n. 189
DEVILLE 1871, pp. 21, 99
BRUZZA 1872, pp. 142-143
FROEHNER 1879, p. 127, n. 31
CIL X, 8062.5b"
CH 001,"DEONNA 1923, p. 80, n. 119
CHAMAY - MAIER 1989, p. 35, n. 41, pl. 56,1"
CH 002,"DEONNA 1912, fig. 3 a p. 38
DEONNA 1916, p. 43, n. 175"
CH 003,Missing Value
CH 004,Missing Value
CH 005,"CHRZANOVSKI 2005, p. 113, cat. 4 "
CH 006,Missing Value
DE 001,"DE CLARAC 1813, pp. 63-81, nn. 66, 75, pl. 13, nn. 66, 75; p. 81, n. 77, pl. 14, n. 76
GUSMAN 1899, pp. 98-99, fig. a p. 98
CHRIST 1901, p. 63, n. 657
Aegyptische Kunst 1961, p. 142, Kat. 264, Abb. 264
TRAN TAM TINH 1964, pp. 62-63, 75, 103, 113, 174, n. 142, pl. XII, 4
Staatliche Sammlung 1972, p. 155, Kat. 130, Abb. 87, Kat. 130
MÜLLER - WILDUNG 1976, p. 219
KÜNZL 1979, p. 213
Cleopatra 1988, pp. 217-218, cat. 110 (R.S. Bianchi)
MAZZEI 1991, p. 128
BARATTE 1992, p. 114, figg. 7-8
KNAUER 1995, pp. 25-27, fig. 37
MERKELBACH 1995, p. 511, Abb. 29-32
Iside 1997, p. 430, cat. V.48 (A. Grimm)
NAUERTH 1998, p. 199
KÖTZSCHE 2004, p. 198, Abb. 143
Winckelmann Egitto 2004, p. 37, n, 16 (A. Grimm)
PAGANO - PRISCIANDARO 2006, I, p. 107; II, pp. 88, 136, 263
GUZZO 2006, p. 61
BELLUCCI 2021, p. 356, n. 199"
DE 002,"KUNZE 1989b, p. 170, n. 16
PLATZ-HORSTER 2018, p. 80, n. 110, fig. a p. 235 (n. 110) "
DE 003,"ARNETH 1850, pp. 18, 81, cat. S. XI. 1, Taf. S. XI
DRAGENDORFF 1895, p. 80
CHRIST 1901, pp. 4, 64, n. 652, Taf. VII
REINACH 1909-1912, II, p. 74, n. 1
SIEVEKING 1924, pp. 8, 11, Taf. 8 \[a destra\]
BULANDA 1940, p. 377
DRAGENDORFF - WATZINGER 1948, p. 98
KÜTHMANN 1959, p. 80, Anm. 561
STRONG 1966, p. 142 \[indicata come proveniente da Napoli\]
KÜNZL 1975
KÜNZL 1979, p. 216, fig. 122
PAINTER 2001, p. 2
PAGANO - PRISCIANDARO 2006, I, p. 109; II, pp. 137, 238
STEFANI 2006"
DE 004,"PLATZ-HORSTER 2018, p. 81, n. 115, fig. a p. 235 (n. 115) "
DE 005,"KUNZE 1989b, p. 177, n. 74 \[indicato come perduto\]"
DE 006,"KUNZE 1989b, p. 182, Anm. 20"
DE 007,"QUARANTA 1824
ZAHN 1828-1859, III, Taf. LX
BECHI 1829, p. 16
DE LAGLANDIÈRE 1829a, p. 24
GERHARD 1830, p. 36
GELL 1832, II, pp. 45, 152-153, pl. LXXVI
BARRÉ - ROUX AINÉ 1839-1840, III, pp. 63-64, pl. 125 \[in alto\]
WIESELER 1851, pp. 83-84, n. 3, Taf. XI, n. 3
Case Pompei 1854-1896, IV, Supplemento, pp. V-VI, tav. XXXVI \[in alto a sinistra\]
HELBIG 1868, p. 353, n. 1470 \[indicata come distrutta\]
Chronik 1872, p. 187, n. 3; p. 191
Winckelmannsfeste 1872, p. 179
FIORELLI 1875, p. 137
REINACH 1922, p. 310, n. 6
BULLE 1928, pp. 280-281, 317, Abb. 13
SIMON 1938, pp. 11-14, 166-169, n. 7, Taf. II, 1
BIEBER 1939, p. 170, fig. 229
PICKARD-CAMBRIDGE 1953, p. 202, fig. 101
RICHARDSON 1955, p. 43, pl. LI. 2
WEBSTER 1956, pp. 89, 189, cat. C 28
SCHEFOLD 1957, pp. 119, 318
WEBSTER 1961, p. 186, cat. NP 14
CHARITONIDIS - KAHIL - GINOUVÈS 1970, pp. 100-101
MIELSCH 1971, pp. 28-31, n. 41, Abb. 39
Pompeji 1973, pp. 172-173, n. 231 (C. Grunwald)
PPM IV, p. 946, fig. 167
PAGANO - PRISCIANDARO 2006, I, p. 139; II, pp. 13, 149, 237
Scenata 2007"
DE 008,"FRIEDERICHS 1871, p. 142, n. 587
KUNZE 1989b, p. 168, n. 2, Abb. 1"
DE 009,"FRIEDERICHS 1871, p. 189, n. 759
KUNZE 1989b, p. 168, n. 3, Abb. 1"
DE 010,"FRIEDERICHS 1871, p. 199, n. 891
KUNZE 1989b, p. 168, n. 4, Abb. 2
HASENPFLUG 2007"
DE 011,"FRIEDERICHS 1871, p. 209, n. 931
KUNZE 1989b, p. 168, n. 5, Abb. 3"
DE 012,"FRIEDERICHS 1871, p. 261, n. 1266a. b
KUNZE 1989b, p. 170, n. 6, Abb. 4 \[indicata come perduta\]"
DE 013,"FRIEDERICHS 1871, p. 261, n. 1266a. b
KUNZE 1989b, p. 170, n. 6, Abb. 4"
DE 014,"FRIEDERICHS 1871, pp. 323-324, nn. 1540b. c
KUNZE 1989b, p. 170, n. 7, Abb. 5"
DE 015,"FRIEDERICHS 1871, pp. 323-324, nn. 1540b. c
KUNZE 1989b, p. 170, n. 7, Abb. 5"
DE 016,"FRIEDERICHS 1871, p. 324, nn. 1541-1543
PERNICE 1904, p. 18
KUNZE 1989b, p. 170, n. 8, Abb. 6
FRANKEN 1998, p. 80, Anm. 125"
DE 017,"FRIEDERICHS 1871, p. 324, nn. 1541-1543
PERNICE 1904, p. 18
KUNZE 1989b, p. 170, n. 8, Abb. 6
FRANKEN 1998, p. 80, Anm. 125"
DE 018,"FRIEDERICHS 1871, p. 324, nn. 1541-1543
PERNICE 1904, p. 18
KOEPPEN - BREUER 1904, p. 206, Abb. 298
KUNZE 1989b, p. 170, n. 8, Abb. 6
FRANKEN 1998, p. 80, Anm. 125"
DE 019,"FRIEDERICHS 1871, p. 333, n. 1557b
KUNZE 1989b, p. 170, n. 9, Abb. 7"
DE 020,"FRIEDERICHS 1871, p. 348, n. 1579
KUNZE 1989b, p. 170, n. 11, Abb. 9"
DE 021,"FRIEDERICHS 1871, p. 351, n. 1615
KUNZE 1989b, p. 170, n. 12 \[indicata come perduta\]"
DE 022,"FRIEDERICHS 1871, p. 351, n. 1616
KUNZE 1989b, p. 170, n. 13 \[indicata come perduta\]"
DE 023,"FRIEDERICHS 1871, p. 354, n. 1639
KUNZE 1989b, p. 170, n. 14, Abb. 8"
DE 024,"FRIEDERICHS 1871, p. 98, nn. 250a-c
KUNZE 1989b, p. 170, n. 19 \[indicata come perduta\]"
DE 025,"FRIEDERICHS 1871, p. 102, n. 311e"
DE 026,"FRIEDERICHS 1871, p. 98, nn. 250a-c
KUNZE 1989b, p. 170, n. 19, Abb. 10"
DE 027,"FRIEDERICHS 1871, p. 99, nn. 252a-c
KUNZE 1989b, p. 170, n. 21"
DE 028,"FRIEDERICHS 1871, p. 124, n. 527"
DE 029,"FRIEDERICHS 1871, p. 106, n. 356
KUNZE 1989b, p. 171, n. 23, Abb. 12"
DE 030,"FRIEDERICHS 1871, p. 106, n. 359a
KUNZE 1989b, p. 171, n. 24, Abb. 13"
DE 031,"FRIEDERICHS 1871, p. 120, nn. 477-479 \[n. 477\]
KUNZE 1989b, p. 171, n. 25, Abb. 14"
DE 032,"FRIEDERICHS 1871, p. 120, nn. 477-479 \[n. 478\]
KUNZE 1989b, p. 171, n. 25, Abb. 14"
DE 033,"FRIEDERICHS 1871, p. 136, nn. 560-564 \[n. 563\] "
DE 034,"FRIEDERICHS 1871, p. 216, n. 999
KUNZE 1989b, p. 171, n. 27"
DE 035,"FRIEDERICHS 1871, p. 261, n. 1244
KUNZE 1989b, p. 182, n. 138"
DE 036,"FRIEDERICHS 1871, p. 247, n. 1159
KUNZE 1989b, p. 171, n. 30, Abb. 17"
DE 037,"FRIEDERICHS 1871, pp. 247-248, n. 1160
KUNZE 1989b, p. 171, n. 31, Abb. 15"
DE 038,"FRIEDERICHS 1871, p. 253, n. 1208i
KUNZE 1989b, p. 171, n. 33, Abb. 16"
DE 039,"FRIEDERICHS 1871, p. 255, n. 1221g
CIL X, 8058.85
DELLA CORTE 1954, p. 189, n. 454; p. 410, n. 89
KUNZE 1989b, p. 171, n. 34, Abb. 19
PAGANO - PRISCIANDARO 2006, I, p. 120; II, pp. 141, 259
FRANKEN 2014, p. 197
CAMODECA - SOLDOVIERI - STEFANILE 2021, p. 382, nt. 52"
DE 040,"FRIEDERICHS 1871, p. 369, n. 1779q
KUNZE 1989b, p. 171, n. 36, Abb. 18"
DE 041,"FRIEDERICHS 1871, p. 92, n. 230b
KUNZE 1989b, p. 171, n. 38, Abb. 20"
DE 042,"FRIEDERICHS 1871, p. 106, n. 357
KUNZE 1989b, p. 173, n. 40, Abb. 21"
DE 043,"FRIEDERICHS 1871, p. 120, n. 481
KUNZE 1989b, p. 173, n. 41, Abb. 14"
DE 044,"FRIEDERICHS 1871, pp. 195-196, nn. 776-794 \[p. 196, n. 780\]
KUNZE 1989b, p. 173, n. 43, Abb. 22"
DE 045,"FRIEDERICHS 1871, p. 196, nn. 795-810 \[n. 798\]
KUNZE 1989b, p. 173, n. 44, Abb. 22"
DE 046,"FRIEDERICHS 1871, pp. 195-196, nn. 812-831 \[n. 814\]
KUNZE 1989b, p. 173, n. 45, Abb. 22"
DE 047,"FRIEDERICHS 1871, p. 197, nn. 832-846 \[n. 834\]
KUNZE 1989b, p. 173, n. 46, Abb. 22"
DE 048,"FRIEDERICHS 1871, p. 197, nn. 853-890 \[nn. 860-862\]
KUNZE 1989b, p. 173, n. 48, Abb. 22"
DE 049,"FRIEDERICHS 1871, p. 215, n. 988
KUNZE 1989b, p. 173, n. 50"
DE 050,"FRIEDERICHS 1871, p. 217, n. 1007
KUNZE 1989b, p. 173, n. 51, Abb. 23"
DE 051,"FRIEDERICHS 1871, p. 248, nn. 1174-1179 \[n. 1174\]
KUNZE 1989b, p. 173, n. 52, Abb. 27"
DE 052,"FRIEDERICHS 1871, p. 288, n. 1339d
IPPEL 1922, p. 53, Anm. 3
KUNZE 1989b, p. 173, n. 53"
DE 053,"FRIEDERICHS 1871, p. 288, n. 1339e
KUNZE 1989b, p. 173, n. 54 \[indicato come perduto\]"
DE 054,"FRIEDERICHS 1871, p. 357, n. 1662
KUNZE 1989b, p. 173, n. 56 \[indicato come perduto\]"
DE 055,"FRIEDERICHS 1871, p. 364, n. 1764
KUNZE 1989b, p. 174, n. 57, Abb. 23 "
DE 056,"FRIEDERICHS 1871, p. 366, n. 1768
KUNZE 1989b, p. 174, n. 58, Abb. 25 "
DE 057,"FRIEDERICHS 1871, p. 369, n. 1779k
KUNZE 1989b, p. 174, n. 59, Abb. 26"
DE 058,"FRIEDERICHS 1871, p. 369, n. 1779i
KUNZE 1989b, p. 174, n. 60, Abb. 24"
DE 059,"Königlichen Museums 1871, p. 121, n. 54
FRIEDERICHS 1871, p. 136, n. 566
KUNZE 1989b, p. 174, n. 63, Abb. 28
FRANKEN 1998, p. 94, Anm. 165"
DE 060,"Königlichen Museums 1871, p. 121, n. 59
FRIEDERICHS 1871, p. 201, n. 907
KUNZE 1989b, p. 174, n. 64, Abb. 2"
DE 061,"Königlichen Museums 1871, p. 121, n. 61
FRIEDERICHS 1871, p. 211, n. 938
KUNZE 1989b, p. 174, n. 65 \[indicato come perduto\]"
DE 062,"Königlichen Museums 1871, p. 121, n. 53
FRIEDERICHS 1871, p. 251, n. 1200
KUNZE 1989b, p. 174, n. 66, Abb. 29"
DE 063,"Königlichen Museums 1871, p. 121, n. 58
FRIEDERICHS 1871, p. 323, n. 1536
NEUGEBAUER 1927, p. 6, Taf. 13,1
KUNZE 1989b, p. 174, n. 67, Abb. 34"
DE 064,"Königlichen Museums 1871, p. 121, nn. 56a u. b
FRIEDERICHS 1871, p. 324, nn. 1549-1550
KOEPPEN - BREUER 1904, p. 180, Abb. 251
NEUGEBAUER 1927, p. 6, Taf. 11,3
KUNZE 1989b, p. 174, n. 68, Abb. 30-31
FRANKEN 1996, p. 41, Anm. 4"
DE 065,"Königlichen Museums 1871, p. 121, nn. 56a u. b
FRIEDERICHS 1871, p. 324, nn. 1549-1550
KUNZE 1989b, p. 174, n. 68, Abb. 32
FRANKEN 1996, p. 41, Anm. 4"
DE 066,"FRIEDERICHS 1871, p. 326, n. 1552p
KUNZE 1989b, p. 174, n. 69, Abb. 33"
DE 067,"Königlichen Museums 1871, p. 121, n. 57
FRIEDERICHS 1871, p. 494, n. 2317b
RANSOM 1905, p. 100, pl. XVa
RATHGEN 1924, p. 34, Abb. 17
GREIFENHAGEN 1930, p. 144, n. 15
PICCOT-BOUBE 1960, p. 280, n. 42
BOUBE-PICCOT 1975, I, p. 374, n. 74
KUNZE 1989b, p. 175, n. 70, Abb. 35
FAUST 1989, pp. 92, 162, Kat. 39"
DE 068,"FRIEDERICHS 1871, p. 212, n. 945
KUNZE 1989b, p. 175, n. 71, Abb. 36"
DE 069,"PANOFKA 1827, p. 56, n. 36
FRIEDERICHS 1871, p. 177, n. 709
KUNZE 1989b, p. 182, n. 136, Abb. 45"
DE 070,"Magasin Encyclopédique 1802, p. 535 \[indicato come proveniente da Ercolano\]
Magasin Encyclopédique 1803, p. 98
VON HASTFER 1805-1806, I, p. 16
Lettres sur Paris 1809, p. 286 (lettera n. XIII)
DUBOIS 1841, p. 176, n. 1272
TEXIER 1852-1853, II, p. 202
LENORMANT 1864, p. 504
Catalogue Pourtalès 1865, p. 190, n. 1294
Documenti inediti 1878-1880, III, p. 484
GRANDJEAN 1964, pp. 195-196, n. 1528 \[indicato come proveniente da Ercolano\]
KUNZE 1989b, p. 181, n. 118
PAGANO - PRISCIANDARO 2006, I, p. 93
Eye Josephine 2007, p. 216 (inv. 1528) \[indicato come proveniente da Ercolano; indicato come perduto\]
DESCAMPS-LEQUIME 2013, p. 145 \[indicato come perduto\]"
DE 071,"Magasin Encyclopédique 1802, p. 535 \[indicato come proveniente da Ercolano\]
Magasin Encyclopédique 1803, p. 98
VON HASTFER 1805-1806, I, p. 16
Lettres sur Paris 1809, p. 286 (lettera n. XIII)
DUBOIS 1841, p. 176, n. 1272
TEXIER 1852-1853, II, p. 202
LENORMANT 1864, p. 504
Catalogue Pourtalès 1865, p. 190, n. 1294
Documenti inediti 1878-1880, III, p. 484
GRANDJEAN 1964, pp. 195-196, n. 1528 \[indicato come proveniente da Ercolano\]
KUNZE 1989b, p. 181, n. 118
PAGANO - PRISCIANDARO 2006, I, p. 93
Eye Josephine 2007, p. 216 (inv. 1528) \[indicato come proveniente da Ercolano; indicato come perduto\]
DESCAMPS-LEQUIME 2013, p. 145 \[indicato come perduto\]"
DE 072,"FRIEDERICHS 1871, p. 370, n. 1779v
KUNZE 1989b, p. 182, n. 131"
DE 073,"KUNZE 1989b, p. 182, n. 132 \[indicata come perduta\]"
DE 074,"KUNZE 1989b, p. 182, n. 133 \[indicato come perduto\]"
DE 075,"HERES 1972, p. 13, n. 9, Taf. 3, n. 9, Taf. 69, n. 9
KUNZE 1989b, p. 182, n. 134, Abb. 44"
DE 076,"GERHARD 1843, p. 89, Taf. XXII, 4-5
FRIEDERICHS 1871, p. 87, n. 191"
DE 077,"FRIEDERICHS 1871, p. 93, n. 238"
DE 078,"FRIEDERICHS 1871, p. 94, n. 245"
DE 079,"FRIEDERICHS 1871, p. 96, n. 249l"
DE 080,"FRIEDERICHS 1871, p. 189, n. 760
KUNZE 1989b, p. 181, n. 115 \[indicata come perduta\]"
DE 081,"FRIEDERICHS 1871, pp. 195-196, nn. 776-794 \[p. 195, n. 778\]
KUNZE 1989b, p. 182, n. 137, Abb. 22"
DE 082,"FRIEDERICHS 1871, p. 268, n. 1307b"
DE 083,"FRIEDERICHS 1871, p. 296, n. 1400"
DE 084,"FRIEDERICHS 1871, p. 308, n. 1472a. 9"
DE 085,"FRIEDERICHS 1871, p. 310, n. 1482"
DE 086,"FRIEDERICHS 1871, p. 312, n. 1490d"
DE 087,"FRIEDERICHS 1871, p. 314, n. 1492"
DE 088,"FRIEDERICHS 1871, p. 316, n. 1502"
DE 089,"FRIEDERICHS 1871, p. 326, n. 1552i"
DE 090,"FRIEDERICHS 1871, p. 326, n. 1552m"
DE 091,"FRIEDERICHS 1871, p. 348, n. 1577
KUNZE 1989b, p. 170, n. 10 \[indicato come perduto\]"
DE 092,"FRIEDERICHS 1871, p. 362, n. 1747"
DE 093,"FRIEDERICHS 1871, p. 371, n. 1779a. 5"
DE 094,"FRIEDERICHS 1871, p. 449, n. 2064"
DE 095,"VIERNEISEL 1978, p. 151, n. 176, fig. 176-178
KUNZE 1989b, p. 182, Anm. 20"
DE 096,"KUNZE 1989b, p. 179, n. 96"
DE 097,"KUNZE 1989b, p. 179, n. 95"
DE 098,"KUNZE 1989b, p. 179, n. 92"
DE 099,"KUNZE 1989b, p. 177, n. 84"
DE 100,"KUNZE 1989b, p. 177, n. 73, Abb. 37 \[indicata come perduta\]"
DE 101,"KUNZE 1989b, p. 182, Anm. 20 \[indicata come perduta\]"
DE 102,"VIERNEISEL 1978, p. 151, n. 177, fig. 176-178
KUNZE 1989b, p. 182, Anm. 20 \[indicata come perduta\]"
DE 103,"VIERNEISEL 1978, p. 151, n. 178, fig. 176-178
KUNZE 1989b, p. 182, Anm. 20"
DE 104,"KUNZE 1989b, p. 170, n. 16
PLATZ-HORSTER 2018, p. 80, n. 112, fig. a p. 235 (n. 112) "
DE 105,"KUNZE 1989b, p. 170, n. 16
PLATZ-HORSTER 2018, p. 80, n. 111, fig. a p. 235 (n. 111) "
DE 106,"KUNZE 1989b, p. 171, Anm. 18"
DE 107,"KUNZE 1989b, p. 170, n. 16
PLATZ-HORSTER 2018, p. 80, n. 112, fig. a p. 235 (n. 113)"
DE 108,"KUNZE 1989b, p. 170, n. 16
PLATZ-HORSTER 2018, p. 80, n. 112, fig. a p. 235 (n. 114)"
DE 109,"KUNZE 1989b, p. 179, n. 97"
DE 110,"KUNZE 1989b, p. 179, n. 94"
DE 111,"KUNZE 1989b, p. 177, n. 87"
DE 112,"KUNZE 1989b, p. 177, n. 85"
DE 113,"KUNZE 1989b, p. 177, n. 76"
DE 114,"KUNZE 1989b, p. 182, Anm. 20"
DK 001,"BREITENSTEIN 1951, p. 78"
DK 002,"BREITENSTEIN 1951, p. 78"
DK 003,Missing Value
DK 004,"BREITENSTEIN 1951, p. 78"
DK 005,"BREITENSTEIN 1951, p. 78"
DK 006,"BREITENSTEIN 1951, p. 78"
DK 007,"BREITENSTEIN 1951, p. 78"
DK 008,"BREITENSTEIN 1951, p. 78"
DK 009,"BREITENSTEIN 1951, p. 78"
DK 010,"BREITENSTEIN 1951, p. 78"
DK 011,"BREITENSTEIN 1951, p. 78"
DK 012,"BREITENSTEIN 1951, p. 76"
DK 013,Missing Value
DK 014,"Fortegnelse 1813, pp. 25-26, n. 47
BREITENSTEIN 1955, p. 238, nt. 268"
DK 015,"Fortegnelse 1813, pp. 25-26, n. 47
BREITENSTEIN 1955, p. 238, nt. 268"
DK 016,"BREITENSTEIN 1951, p. 76"
DK 017,"BREITENSTEIN 1951, p. 76"
DK 018,"BREITENSTEIN 1951, p. 76"
DK 019,"BREITENSTEIN 1951, p. 78"
FR 001,"CAYLUS 1752-1767, II, pp. 119-120, n. III, pl. XL, n. III
DUMERSAN 1819, p. 50, pl. VIII, n. 2
DU MERSAN 1838, p. 16
CHABOUILLET 1858, p. 525, n. 3111
BABELON 1883 \[indicata come proveniente da Ercolano\]
BABELON 1887, pp. 23-24, pl. VI \[indicata come proveniente da Ercolano\]
DURUY 1887-1889, II, p. 417, nt. 2, fig. a p. 417 \[indicata come proveniente da Ercolano\]
PARIS 1889, p. 195, fig. 89
COLLIGNON 1892-1897, I, pp. 475-476, fig. 245 \[indicata come proveniente da Ercolano\]
BABELON - BLANCHET 1895, pp. 478-479, n. 1157 \[indicata come proveniente da Ercolano\]
RICHTER 1929, p. 86, fig. 357 \[indicata come proveniente da Ercolano\]
RICHTER 1930, p. 22, 65, fig. 98, pl. XXXII, fig. 98 \[indicata come proveniente da Ercolano\]
PICARD 1935-1966, II.1, pp. 254-255, fig. 114 \[indicata come proveniente da Ercolano\]
CHARBONNEAUX 1943-1945, I, p. 29
Animaux 1985, p. 67, n. 41 \[indicata come proveniente da Ercolano\]
CHAMOUX 1991a \[indicata come proveniente da Ercolano\]
CHAMOUX 1991b \[indicata come proveniente da Ercolano\]
CHAMOUX 1993 \[indicata come proveniente da Ercolano\]
Caylus 2002, fig. a p. 24; p. 145, n. 63 (M. Avisseau-Broustet)
AVISSEAU-BROUSTET - COLONNA 2014, p. 158, fig. 98
WARIN 2015, pp. 358-359, fig. 3"
FR 002,"TERNITE 1839-1858, I,11, Taff. III, VI-VII
HELBIG 1868, p. 202, n. 1012
REINACH 1922, p. 46, n. 1; p. 48, nn. 1-2
SCHEFOLD 1957, pp. 92, 312
RAGGHIANTI 1963, p. 64, tav. 33
ROSSIGNANI 1967, p. 127
Petit Palais 1973, p. \[114\], cat. 207, fig. a p. \[115\]
TRAN TAM TINH 1974, pp. 35-37, n. 10, fig. 11
MUTHMANN 1975, p. 92, Anm. 46
MOORMANN 1986, pp. 39, 43, 64-65, 105, 129-130, 203, 243-244, cat. 198/3
PPM IV, p. 24, fig. 37
PAGANO 1997, p. 103
PAGANO - PRISCIANDARO 2006, I, pp. 82, 85; II, pp. 88, 132, 231
Empire couleur 2014, pp. 225-226, n. 76 (D. Burlot)
PIRIOU - ROGER 2015a, pp. 67, 307-308, fig. 69
PIRIOU - ROGER 2015b, pp. 108, 148-149, 318, cat. 69"
FR 003,"Magasin Encyclopédique 1802, p. 535 \[indicato come proveniente da Ercolano\]
Magasin Encyclopédique 1803, pp. 106-107
VON HASTFER 1805-1806, I, p. 16
BEAUVALLET - NORMAND 1820, 4.e Cah., n. 20
DUBOIS 1841, p. 109, n. 570 \[indicato come proveniente da Ercolano\]
TEXIER 1852-1853, II, p. 203 \[indicato come proveniente da Ercolano\]
Souvenirs Pourtalés 1863, pl . 46
LENORMANT 1864, p. 482, n. 589, fig. s.n.
Catalogue Pourtalès 1865, p. 117, n. 589 \[indicato come proveniente da Ercolano\]
Documenti inediti 1878-1880, III, p. 484
VON LIPPERHEIDE 1896, p. 289, n. 365 \[indicato come proveniente da Ercolano\]
DE RIDDER 1915, p. 3, n. 1108, pl. 65, n. 1108
BOYER 1956, p. 241
GRANDJEAN 1964, p. 190, n. 1477 \[indicato come proveniente da Ercolano\]
VILLE 1965, p. 151, nt. 31 , fig. 12
Petit Palais 1973, p. \[62\], cat. 38 a, fig. a p. \[62\] \[indicato come proveniente da Ercolano\]
Pompeji 1973, p. 120, n. 144a (F. Baratte) \[indicato come proveniente da Ercolano\]
WARD-PERKINS - CLARIDGE 1976, p. 195, n. 305 \[indicato come proveniente da Ercolano\]
WAHL 1977, p. 116, n. 2, Taff. 20,2, 23
Gladiateurs 1987, pp. 122-123, n. 20 (F. Baratte)
PFLUG 1989, pp. 96-97, n. 89
ANGELONE 1989-1990, pp. 229-230, n. 11, tav. VII \[indicato come proveniente da Ercolano\]
FOUCART-WALTER 2000, pp. 45, 50-51 \[indicato come proveniente da Ercolano\]
JUNKELMANN 2000a, pp. 63, 167, Kat. H12, Abb. 86
Sangue e arena 2001, p. 392, n. 130
BASTIEN 2004
BOISSET 2005, pp. 195-196, 198, fig. 7 \[indicato come proveniente da Ercolano\]
MEUNIER 2005b, p. 183, n. 150 \[indicato come proveniente da Ercolano\]; p. 194, nt. al n. 150
CHAINE 2006, p. 40
PAGANO - PRISCIANDARO 2006 I, p. 59; II, pp. 86, 127, 259
DENOYELLE - DESCAMPS-LEQUIME 2007, p. 23, cat. 27
Eye Josephine 2007, pp. 93-94, cat. 27, fig. a p. 95 (C. Bastien)
TEYSSIER 2009, pp. 199-200, 237, fig. a p. 199
DESCAMPS-LEQUIME 2013, p. 149, fig. 10
Pompei Europa 2015, pp. 322-323, cat. 3.55, fig. 3.55 (L. Gallo)
BASTIEN 2018, pp. 67, 69-70
Rome 2022, p. 322, cat. 215, fig. a p. 323 (C. Bastien)"
FR 004,"Magasin Encyclopédique 1802, p. 535 \[indicato come proveniente da Ercolano\]
Magasin Encyclopédique 1803, p. 107
VON HASTFER 1805-1806, I, p. 16
DUBOIS 1841, p. 109, n. 572 \[indicato come proveniente da Ercolano\]
TEXIER 1852-1853, II, p. 203 \[indicato come proveniente da Ercolano\]
LENORMANT 1864, p. 482, n. 591
Catalogue Pourtalès 1865, pp. 117-118, n. 591 \[indicato come proveniente da Ercolano\]
Documenti inediti 1878-1880, III, p. 484
DE RIDDER 1915, p. 6, n. 1142, pl. 67, n. 1142
BOYER 1956, p. 241
GRANDJEAN 1964, p. 190, n. 1473 \[indicato come proveniente da Ercolano\]
Petit Palais 1973, p. \[62\], cat. 38 b \[indicato come proveniente da Ercolano\]
Pompeji 1973, p. 120, n. 144b (F. Baratte) \[indicato come proveniente da Ercolano\]
Gladiateurs 1987, p. 123, n. 21 (F. Baratte)
ANGELONE 1989-1990, pp. 229-230, n. 12, tav. VIII \[indicato come proveniente da Ercolano\]
GOLVIN - LANDES 1990, fig. a p. 167 \[in basso a destra\]
FOUCART-WALTER 2000, pp. 45, 50-51 \[indicato come proveniente da Ercolano\]
JUNKELMANN 2000a, p. 186, Kat. G3, Abb. 114
JUNKELMANN 2000b, p. 65, Abb. 53
Sangue e arena 2001, p. 393, n. 131
BASTIEN 2004
BOISSET 2005, pp. 195-196, 198, fig. 7 \[indicato come proveniente da Ercolano\]
MEUNIER 2005b, p. 183, n. 151 \[indicato come proveniente da Ercolano\]; p. 194, nt. al n. 151
CHAINE 2006, p. 40
PAGANO - PRISCIANDARO 2006, I, p. 60; II, pp. 86, 127, 259
DENOYELLE - DESCAMPS-LEQUIME 2007, p. 23, cat. 28
Eye Josephine 2007, pp. 96-97, cat. 28, fig. a p. 97 (C. Bastien)
TEYSSIER 2009, p. 199, nt. 130; p. 237, fig. a p. 237 \[indicato come proveniente da Ercolano\]
DESCAMPS-LEQUIME 2013, p. 149
BASTIEN 2018, pp. 67, 69-70, fig. 15
Rome 2022, p. 322; p. 324, cat. 216, fig. a p. 324 (C. Bastien)"
FR 005,"Magasin Encyclopédique 1802, p. 535 \[indicato come proveniente da Ercolano\]
Magasin Encyclopédique 1803, p. 108
VON HASTFER 1805-1806, I, p. 16
DUBOIS 1841, p. 110, n. 573 \[indicato come proveniente da Ercolano\]
TEXIER 1852-1853, II, p. 203 \[indicato come proveniente da Ercolano\]
Souvenirs Pourtalés 1863, pl . 46
LENORMANT 1864, p. 482, n. 592, fig. s.n.
Catalogue Pourtalès 1865, p. 118, n. 592 \[indicato come proveniente da Ercolano\]
Documenti inediti 1878-1880, III, p. 484
DE RIDDER 1915, p. 6, n. 1143, pl. 67, n. 1143
BOYER 1956, p. 241
GRANDJEAN 1964, p. 190, n. 1476 \[indicato come proveniente da Ercolano\]
Petit Palais 1973, p. \[62\], cat. 38 d \[indicato come proveniente da Ercolano\]
Pompeji 1973, p. 120, n. 144c (F. Baratte) \[indicato come proveniente da Ercolano\]
WARD-PERKINS - CLARIDGE 1976, p. 195, n. 307 \[indicato come proveniente da Ercolano\]
Gladiateurs 1987, pp. 123-124, n. 22 (F. Baratte)
ANGELONE 1989-1990, pp. 229-230, n. 13, tav. IX \[indicato come proveniente da Ercolano\]
GOLVIN - LANDES 1990, fig. a p. 167 \[in basso a sinistra\]
FOUCART-WALTER 2000, pp. 45, 50-51 \[indicato come proveniente da Ercolano\]
JUNKELMANN 2000a, p. 185, Kat. B19, Abb. 104
JUNKELMANN 2000b, p. 57, Abb. 36
BASTIEN 2004
BOISSET 2005, pp. 195-196, 198, fig. 7 \[indicato come proveniente da Ercolano\]
MEUNIER 2005b, p. 183, n. 152 \[indicato come proveniente da Ercolano\]; p. 194, nt. al n. 152
Bronze 2005, p. 98; p. 99, cat. 37 (M. Droth)
CHAINE 2006, p. 40
PAGANO - PRISCIANDARO 2006, I, p. 58; II, pp. 86, 259
DENOYELLE - DESCAMPS-LEQUIME 2007, p. 23, cat. 29
Eye Josephine 2007, p. 98, cat. 29, fig. a p. 99 (C. Bastien); p. 100
TEYSSIER 2009, p. 199, nt. 130; p. 237
DESCAMPS-LEQUIME 2013, p. 149
BASTIEN 2018, pp. 67, 69-70
Rome 2022, p. 322; p. 324, cat. 217, fig. a p. 324 (C. Bastien) "
FR 006,"Magasin Encyclopédique 1802, p. 535 \[indicato come proveniente da Ercolano\]
Magasin Encyclopédique 1803, p. 108
VON HASTFER 1805-1806, I, p. 16
DUBOIS 1841, p. 110, n. 573 \[indicato come proveniente da Ercolano\]
TEXIER 1852-1853, II, p. 203 \[indicato come proveniente da Ercolano\]
Souvenirs Pourtalés 1863, pl . 46
LENORMANT 1864, p. 482, n. 592, fig. s.n.
Catalogue Pourtalès 1865, p. 118, n. 592 \[indicato come proveniente da Ercolano\]
DE BEAUMONT 1878, fig. a p. 502
Documenti inediti 1878-1880, III, p. 484
DE RIDDER 1915, p. 6, n. 1144, pl. 67, n. 1144
BOYER 1956, p. 241
GRANDJEAN 1964, p. 190, n. 1476 \[indicato come proveniente da Ercolano\]
Petit Palais 1973, p. \[62\], cat. 38 c, fig. a p. \[62\] \[indicato come proveniente da Ercolano\]
Pompeji 1973, p. 120, n. 144d (F. Baratte) \[indicato come proveniente da Ercolano\]
WARD-PERKINS - CLARIDGE 1976, p. 195, n. 306 \[indicato come proveniente da Ercolano\]
ANGELONE 1989-1990, pp. 229-230, n. 14, tav. X \[indicato come proveniente da Ercolano\]
FOUCART-WALTER 2000, pp. 45, 50-51 \[indicato come proveniente da Ercolano\]
JUNKELMANN 2000a, p. 185, Kat. B18, Abb. 331
BASTIEN 2004
BOISSET 2005, pp. 195-196, 198, fig. 7 \[indicato come proveniente da Ercolano\]
MEUNIER 2005b, p. 183, n. 152 \[indicato come proveniente da Ercolano\]; p. 194, nt. al n. 152
CHAINE 2006, p. 40
PAGANO - PRISCIANDARO 2006, I, p. 61; II, pp. 86, 127, 259
DENOYELLE - DESCAMPS-LEQUIME 2007, p. 23, cat. 30
Eye Josephine 2007, p. 98; p. 100, cat. 30, fig. a p. 101 (C. Bastien)
TEYSSIER 2009, p. 199, nt. 130; p. 237
DESCAMPS-LEQUIME 2013, p. 149
BASTIEN 2018, pp. 67, 69-70
Rome 2022, p. 322; p. 325, cat. 218, fig. a p. 325 \[in alto a destra\] (C. Bastien)"
FR 007,"Magasin Encyclopédique 1802, p. 535 \[indicato come proveniente da Ercolano\]
Magasin Encyclopédique 1803, pp. 107-108
VON HASTFER 1805-1806, I, p. 16
DUBOIS 1841, pp. 109-110, n. 571 \[indicato come proveniente da Ercolano\]
TEXIER 1852-1853, II, p. 203 \[indicato come proveniente da Ercolano\]
Souvenirs Pourtalés 1863, pl . 46
LENORMANT 1864, p. 482, n. 590, fig. s.n.
Catalogue Pourtalès 1865, p. 117, n. 590 \[indicato come proveniente da Ercolano\]
Documenti inediti 1878-1880, III, p. 484
DE RIDDER 1915, p. 8, n. 1169, pl. 67, n. 1169
BOYER 1956, p. 241
GRANDJEAN 1964, p. 190, n. 1474 \[indicato come proveniente da Ercolano\]
Petit Palais 1973, p. \[62\], cat. 38 e \[indicato come proveniente da Ercolano\]
Pompeji 1973, p. 120, n. 144e (F. Baratte) \[indicato come proveniente da Ercolano\]
WARD-PERKINS - CLARIDGE 1976, p. 195, n. 308 \[indicato come proveniente da Ercolano\]
ANGELONE 1989-1990, pp. 229-230, n. 15, tav. XI \[indicato come proveniente da Ercolano\]
GOLVIN - LANDES 1990, fig. a p. 167 \[in alto a sinistra\]
FOUCART-WALTER 2000, pp. 45, 50-51 \[indicato come proveniente da Ercolano\]
JUNKELMANN 2000a, pp. 180-181, cat. B5, Abb. 322 \[a sinistra\]
BASTIEN 2004
BOISSET 2005, pp. 195-196, 198, fig. 7 \[indicato come proveniente da Ercolano\]
MEUNIER 2005b, p. 184, n. 153 \[indicato come proveniente da Ercolano\]; p. 194, nt. al n. 153
Bronze 2005, p. 99, cat. 38 (M. Droth)
CHAINE 2006, p. 40
PAGANO - PRISCIANDARO 2006, I, p. 61; II, pp. 86, 127, 259
DENOYELLE - DESCAMPS-LEQUIME 2007, p. 23, cat. 31
Eye Josephine 2007, p. 102, cat. 31, fig. a p. 103 (C. Bastien)
TEYSSIER 2009, pp. 199-200, 237
DESCAMPS-LEQUIME 2013, p. 149
BASTIEN 2018, pp. 67, 69-70
Rome 2022, p. 322; p. 325, cat. 219-220 \[219\], fig. a p. 325 \[al centro a destra\] (C. Bastien) "
FR 008,"Magasin Encyclopédique 1802, p. 535 \[indicato come proveniente da Ercolano\]
Magasin Encyclopédique 1803, pp. 107-108
VON HASTFER 1805-1806, I, p. 16
DUBOIS 1841, pp. 109-110, n. 571 \[indicato come proveniente da Ercolano\]
TEXIER 1852-1853, II, p. 203 \[indicato come proveniente da Ercolano\]
Souvenirs Pourtalés 1863, pl . 46
LENORMANT 1864, p. 482, n. 590, fig. s.n.
Catalogue Pourtalès 1865, p. 117, n. 590 \[indicato come proveniente da Ercolano\]
Documenti inediti 1878-1880, III, p. 484
DE RIDDER 1915, p. 8, n. 1170, pl. 67, n. 1170
BOYER 1956, p. 241
GRANDJEAN 1964, p. 190, n. 1474 \[indicato come proveniente da Ercolano\]
Petit Palais 1973, p. \[62\], cat. 38 e \[indicato come proveniente da Ercolano\]
Pompeji 1973, p. 120, n. 144e (F. Baratte) \[indicato come proveniente da Ercolano\]
WARD-PERKINS - CLARIDGE 1976, p. 195, n. 308 \[indicato come proveniente da Ercolano\]
Gladiateurs 1987, pp. 124-125, n. 23 (F. Baratte)
ANGELONE 1989-1990, pp. 229-230, n. 15, tav. XI \[indicato come proveniente da Ercolano\]
FOUCART-WALTER 2000, pp. 45, 50-51 \[indicato come proveniente da Ercolano\]
JUNKELMANN 2000a, pp. 180-181, cat. B6, Abb. 322 \[a destra\]
BASTIEN 2004
BOISSET 2005, pp. 195-196, 198, fig. 7 \[indicato come proveniente da Ercolano\]
MEUNIER 2005b, p. 184, n. 153 \[indicato come proveniente da Ercolano\]; p. 194, nt. al n. 153
CHAINE 2006, p. 40
PAGANO - PRISCIANDARO 2006, I, p. 61; II, pp. 86, 127, 259
DENOYELLE - DESCAMPS-LEQUIME 2007, p. 23, cat. 31
Eye Josephine 2007, p. 102, cat. 31, fig. a p. 103 (C. Bastien)
TEYSSIER 2009, pp. 199-200, 237
DESCAMPS-LEQUIME 2013, p. 149
BASTIEN 2018, pp. 67, 69-70
Rome 2022, p. 322; p. 325, cat. 219-220 \[220\], fig. a p. 325 \[al centro a destra\] (C. Bastien) "
FR 009,"DE RIDDER 1915, pp. 153-154, n. 3169
GRANDJEAN 1964, p. 191
TESTA 1989, p. 131, nt. 3
PAGANO - PRISCIANDARO 2006, I, p. 94; II, pp. 87, 133, 225
DENOYELLE - DESCAMPS-LEQUIME 2007, p. 21, cat. 34
Eye Josephine 2007, p. 108, cat. 34, figg. a pp. 108-109 (C. Bastien)
GIANNECHINI 2017, p. 140, fig. 3 "
FR 010,"Antichità Ercolano 1757-1792, VIII, pp. 321-328, tav. LXXII, 2
VON MURR 1777-1799, VIII.2, pp. 13-14, tab. LXXII, 2
KILIAN 1777-1802, VIII.2, p. 11, tab. LXXII, 2
PIROLI 1789-1807, VI, pp. 38-40, tav. XXXVI, fig. 2
Magasin Encyclopédique 1802, p. 535 \[indicato come proveniente da Ercolano\]
Magasin Encyclopédique 1803, p. 103
VON HASTFER 1805-1806, I, p. 16
Lettres sur Paris 1809, p. 286 (lettera n. XIII)
BARRÉ - ROUX AINÉ 1839-1840, VII, pp. 10-18, pl. 26
Documenti inediti 1878-1880, III, p. 484
DE RIDDER 1915, p. 153, n. 3159, pl. 112, n. 3159
BOYER 1956, p. 241
GRANDJEAN 1964, p. 191, n. 1484 \[indicato come proveniente da Ercolano\]
TESTA 1989, p. 127, nt. 4
MEUNIER 2005b, p. 183, n. 147 \[indicato come proveniente da Ercolano\]; p. 194, nt. al n. 147
PAGANO - PRISCIANDARO 2006, I, p. 94
Eye Josephine 2007, p. 118, cat. 39, figg. a pp. 119-120 (C. Bastien); p. 120, nt. 1
BASTIEN 2018, p. 69"
FR 011,"Antichità Ercolano 1757-1792, VIII, pp. 133-134, tav. XXV, 2
VON MURR 1777-1799, VIII.1, p. 13, tab. XXV, 2
KILIAN 1777-1802, VIII.1, p. 21, tab. XXV, 2
PIROLI 1789-1807, VI, p. 21, tav. XIV, fig. 2
Magasin Encyclopédique 1802, p. 535 \[indicata come proveniente da Ercolano\]
Magasin Encyclopédique 1803, p. 103
VON HASTFER 1805-1806, I, p. 16
Lettres sur Paris 1809, p. 286 (lettera n. XIII)
BARRÉ - ROUX AINÉ 1839-1840, VII, p. 49, pl. 46
Documenti inediti 1878-1880, III, p. 484
DE RIDDER 1915, p. 147, n. 3117
BOYER 1956, p. 241
GRANDJEAN 1964, p. 191, n. 1491 \[indicata come proveniente da Ercolano\]
MEUNIER 2005b, p. 183, n. 148 \[indicata come proveniente da Ercolano\]; p. 194, nt. al n. 148
PAGANO - PRISCIANDARO 2006, I, p. 94; II, pp. 86, 133, 225
Eye Josephine 2007, p. 118, nt. 1; pp. 120-121, cat. 40, figg. a pp. 120-121 (C. Bastien)
DESCAMPS-LEQUIME 2013, p. 147
BASTIEN 2018, p. 69"
FR 012,"Magasin Encyclopédique 1802, p. 535 \[indicata come proveniente da Ercolano\]
Magasin Encyclopédique 1803, p. 106
VON HASTFER 1805-1806, I, p. 16
Lettres sur Paris 1809, p. 286 (lettera n. XIII)
Documenti inediti 1878-1880, III, p. 484
DE RIDDER 1915, p. 135, n. 3002, pl. 105, n. 3002
BOYER 1956, p. 241
GRANDJEAN 1964, p. 190, n. 1478 \[indicata come proveniente da Ercolano\]
PAGANO 1997, pp. 137-138
MEUNIER 2005b, p. 184, n. 159 \[indicata come proveniente da Ercolano\]; p. 194, nt. al n. 159
PAGANO - PRISCIANDARO 2006, I, pp. 89, 94
Eye Josephine 2007, p. 132, cat. 46, figg. a p. 133 (C. Bastien)
DESCAMPS-LEQUIME 2013, p. 148, fig. 8
BASTIEN 2018, p. 70
TASSINARI 2018, pp. 15, 69, 72-73, 82, cat. 49, fig. 78
Rome 2022, p. 392, cat. 297, fig. a p. 392 (C. Bastien)"
FR 013,"Antichità Ercolano 1757-1792, II, pp. 1-4, tav. I
WINCKELMANN 1762, p. 92
VON MURR 1777-1799, II, p. 1, tab. I
KILIAN 1777-1802, II, p. 1, tab. I
DAVID - MARÉCHAL 1780, II, pp. 1-8, pl. I
PIROLI 1789-1807, II, tav. I
SÉRIEYS 1801, p. 79
Magasin Encyclopédique 1802, p. 535 \[indicata come proveniente da Ercolano\]
Magasin Encyclopédique 1803, pp. 99-100
VON HASTFER 1805-1806, I, p. 17 \[indicata come proveniente da Ercolano\]
WEBER 1830, p. 50, n. 97
BARRÉ - ROUX AINÉ 1839-1840, IV, pp. 1-4, pl. 1
Œuvre choisies 1846, pl. 37,1
HELBIG 1868, p. 52, n. 187
Documenti inediti 1878-1880, III, p. 484
REINACH 1922, p. 25, n. 6
CORTI 1940, p. 226
MAIURI 1954
BOYER 1956, p. 241
SCHEFOLD 1957, pp. 53, 302
GRANDJEAN 1964, p. 177, n. 1328 \[indicata come proveniente da Ercolano\]
ROSSIGNANI 1967, p. 81
TRAN TAM TINH 1974, pp. 25-27, n. 1, fig. 1
ALLROGGEN-BEDEL - KAMMERER-GROTHAUS 1980, pp. 183, 201
MASCOLI et al. 1981, p. 26 \[indicata come proveniente da Ercolano\]
PARISE BADONI 1981, p. 59
MOORMANN 1986, pp. 41-43, 113, 130, 203, 231-232, cat. 179/2
PARSLOW 1988, pp. 42-43
PPM III, p. 186
LIMC VII, I, s.v. Musae, p. 1020, n. 71 (J. Lancha); II, p. 734, fig. Musae 71
PARSLOW 1995, p. 112, nt. 17; p. 289, n. 97
MEUNIER 2005b, p. 183, n. 139 \[indicata come proveniente da Ercolano\]; p. 193, nt. al n. 139
PAGANO - PRISCIANDARO 2006, I, p. 19; II, pp. 87, 110, 228, 294
DENOYELLE - DESCAMPS-LEQUIME 2007, p. 14, cat. 53
MEUNIER 2007, p. 33, cat. 53
Eye Josephine 2007, fig. in copertina; pp. 146-149, cat. 53, fig. a p. 147 (D. Roger)
MIZIOŁEK 2009-2010, p. 20
MIZIOŁEK 2010a, p. 49, ill. 41 A
MIZIOŁEK 2010b, pp. 163-164
BURLOT - ROGER 2012, sopratt. p. 14, fig. 18
DESCAMPS-LEQUIME 2013, pp. 145-146
Empire couleur 2014, pp. 207-212, n. 63 (D. Burlot - D. Roger)
PIRIOU - ROGER 2015a, pp. 67, 308, cat. 91
ROGER 2015, pp. 160-162, 175, 320-321, cat. 91
BASTIEN 2018, pp. 64, 69
Rome 2022, p. 404; p. 410, cat. 311-319 \[319\], fig. Apollon (C. Giroire)
SAMPAOLO c.d.s."
FR 014,"Antichità Ercolano 1757-1792, II, pp. 55-57, tav. IX
WINCKELMANN 1762, p. 92
DE LALANDE 1769, VII, p. 127
VON MURR 1777-1799, II, p. 7, tab. IX
KILIAN 1777-1802, II, p. 4, tab. IX
DAVID - MARÉCHAL 1780, II, pp. 51-53, pl. XXXV
PIROLI 1789-1807, II, tav. IX
SÉRIEYS 1801, pp. 79-80
Magasin Encyclopédique 1802, p. 535 \[indicata come proveniente da Ercolano\]
Magasin Encyclopédique 1803, pp. 99-100
VON HASTFER 1805-1806, I, p. 17 \[indicata come proveniente da Ercolano\]
MILLIN 1811, I, p. 16, n. 66, pl. XXI, n. 66
HIRT 1826, p. 11, Taf. X, n. 82
WEBER 1830, p. 50, n. 97
MÜLLER - OESTERLEY - WIESELER 1832-1856, II, p. 29, n. 741, Taf. LVIII, n. 741
BARRÉ - ROUX AINÉ 1839-1840, IV, pp. 43-46, pl. 9
HELBIG 1868, p. 173, n. 858
Dictionnaire antiquités 1877-1919, III.2, s.v. Musae, pp. 2067-2068 (O. Navarre) \[indicata come proveniente da Ercolano\]
Documenti inediti 1878-1880, III, p. 484
Lexikon Mythologie 1894-1897, s.v. Musen, coll. 3275-3276, \[Abb.\] 10 f (O. Bie)
REINACH 1922, p. 152, n. 3
CORTI 1940, pp. 169, 226
MAIURI 1951, p. 28
MAIURI 1954 (fig. a p. 126)
BOYER 1956, p. 241
SCHEFOLD 1957, pp. 53, 310
RAGGHIANTI 1963, p. 64
GRANDJEAN 1964, p. 177, n. 1328, pl. XIV \[indicata come proveniente da Ercolano\]
PINKWART 1965, pp. 79, 181-182 \[indicata come proveniente da Ercolano\]
WEGNER 1966, pp. 95-96, 98, Beil. 1 \[in alto a sinistra\] \[indicata come proveniente da Ercolano\]
ROSSIGNANI 1967, p. 81
BASTET 1974, p. 217, Abb. 5 \[indicata come proveniente da Ercolano\]
TRAN TAM TINH 1974, pp. 25-27; p. 28, n. 2, fig. 2
ALLROGGEN-BEDEL - KAMMERER-GROTHAUS 1980, pp. 183, 201
MASCOLI et al. 1981, p. 26 \[indicata come proveniente da Ercolano\]
PARISE BADONI 1981, p. 59
Repertorio 1981, p. 241
MOORMANN 1986, pp. 41-43, 113, 130, 203, 231-232, cat. 179/2
PARSLOW 1988, pp. 42-43
PPM III, p. 186
LIMC VII, I, s.v. Musae, p. 1020, n. 71 (J. Lancha)
PARSLOW 1995, p. 112, nt. 17; p. 289, n. 97
MEUNIER 2005b, p. 183, n. 139 \[indicata come proveniente da Ercolano\]; p. 193, nt. al n. 139
PAGANO - PRISCIANDARO 2006, I, p. 19; II, pp. 87, 110, 228, 294
DENOYELLE - DESCAMPS-LEQUIME 2007, p. 14, cat. 54
MEUNIER 2007, p. 33, cat. 54
Eye Josephine 2007, pp. 148-149; p. 150, cat. 54, fig. a p. 151 (D. Roger)
MIZIOŁEK 2009-2010, p. 20
MIZIOŁEK 2010a, p. 49, ill. 49 C
MIZIOŁEK 2010b, pp. 163-164
BURLOT - ROGER 2012, sopratt. p. 18, fig. 28
DESCAMPS-LEQUIME 2013, pp. 145-146
PIRIOU - ROGER 2015a, pp. 67, 308, cat. 90
ROGER 2015, pp. 160-162, 174, 320-321, cat. 90
BASTIEN 2018, pp. 64, 69, fig. 12
Rome 2022, p. 404; p. 410, cat. 311-319 \[318\], fig. Calliope (C. Giroire)
SAMPAOLO c.d.s."
FR 015,"Antichità Ercolano 1757-1792, II, pp. 7-11, tav. II
WINCKELMANN 1762, p. 92
DE LALANDE 1769, VII, pp. 127-128
VON MURR 1777-1799, II, pp. 2-3, tab. II
KILIAN 1777-1802, II, pp. 1-2, tab. 2
DAVID - MARÉCHAL 1780, II, pp. 12-20, pl. V
PIROLI 1789-1807, II, tav. II
SÉRIEYS 1801, pp. 79-80
Magasin Encyclopédique 1802, p. 535 \[indicata come proveniente da Ercolano\]
Magasin Encyclopédique 1803, pp. 99-100
VON HASTFER 1805-1806, I, p. 17 \[indicata come proveniente da Ercolano\]
MILLIN 1811, I, p. 16, n. 65, pl. XXII, n. 65
HIRT 1816, p. 207, Tab. XXX, 1
HIRT 1826, p. 11, Taf. XI, n. 86
WEBER 1830, p. 50, n. 97
MÜLLER - OESTERLEY - WIESELER 1832-1856, II, p. 28, n. 734, Taf. LVIII, n. 734
BARRÉ - ROUX AINÉ 1839-1840, IV, pp. 8-14, pl. 3
HELBIG 1868, p. 173, n. 859
Dictionnaire antiquités 1877-1919, III.2, s.v. Musae, p. 2068, fig. 5216 (O. Navarre) \[indicata come proveniente da Ercolano\]
Documenti inediti 1878-1880, III, p. 484
Lexikon Mythologie 1894-1897, s.v. Musen, col. 3278, \[Abb.\] 10 h (O. Bie)
REINACH 1922, p. 155, n. 5
CORTI 1940, pp. 169, 226
SPINAZZOLA 1953, I, p. 559, fig. 616
MAIURI 1951, p. 28
MAIURI 1954
BOYER 1956, p. 241
SCHEFOLD 1957, pp. 53, 310
RAGGHIANTI 1963, p. 64
GRANDJEAN 1964, p. 177, n. 1328, pl. XIV \[indicata come proveniente da Ercolano\]
PINKWART 1965, pp. 79, 181-182 \[indicata come proveniente da Ercolano\]
WEGNER 1966, pp. 95-96, 99, Beil. 2 \[in basso a sinistra\] \[indicata come proveniente da Ercolano\]
ROSSIGNANI 1967, p. 81
TRAN TAM TINH 1974, pp. 25-27; p. 29, n. 3, fig. 3
ALLROGGEN-BEDEL - KAMMERER-GROTHAUS 1980, pp. 183, 201
MASCOLI et al. 1981, p. 26 \[indicata come proveniente da Ercolano\]
PARISE BADONI 1981, p. 59
Repertorio 1981, p. 241
Ercolano 1988, p. 289, n. 35, fig. a p. 131 (V. Sampaolo)
MOORMANN 1986, pp. 41-43, 113, 130, 203, 231-232, cat. 179/2
PARSLOW 1988, pp. 42-43
PPM III, p. 186
LIMC VII, I, s.v. Musae, p. 1020, n. 71 (J. Lancha); II, p. 733, fig. Musae 71
PARSLOW 1995, p. 112, nt. 17; p. 289, n. 97
MEUNIER 2005b, p. 183, n. 139 \[indicata come proveniente da Ercolano\]; p. 193, nt. al n. 139
PAGANO - PRISCIANDARO 2006, I, p. 19; II, pp. 87, 110, 228, 294
DENOYELLE - DESCAMPS-LEQUIME 2007, p. 14, cat. 55
MEUNIER 2007, p. 33, cat. 55
Eye Josephine 2007, fig. a p. 2; pp. 148-149; p. 152, cat. 55, fig. a p. 153 (D. Roger)
MIZIOŁEK 2009-2010, p. 20
MIZIOŁEK 2010a, p. 49, ill. 49 A
MIZIOŁEK 2010b, pp. 163-164
BURLOT - ROGER 2012, sopratt. pp. 14-15, fig. 20
DESCAMPS-LEQUIME 2013, pp. 145-146
PIRIOU - ROGER 2015a, pp. 67, 308, cat. 83
ROGER 2015, pp. 160-162, 170, 320-321, cat. 83
BASTIEN 2018, pp. 64, 69
Rome 2022, p. 404; p. 410, cat. 311-319 \[311\], fig. Clio (C. Giroire)
SAMPAOLO c.d.s."
FR 016,"Antichità Ercolano 1757-1792, II, pp. 33-39, tav. VI
WINCKELMANN 1762, p. 92
DE LALANDE 1769, VII, p. 127
VON MURR 1777-1799, II, pp. 5-6, tab. VI
KILIAN 1777-1802, II, p. 3, tab. VI
DAVID - MARÉCHAL 1780, II, pp. 36-38, pl. XXVI
PIROLI 1789-1807, II, tav. VI
SÉRIEYS 1801, pp. 79-80
Magasin Encyclopédique 1802, p. 535 \[indicata come proveniente da Ercolano\]
Magasin Encyclopédique 1803, pp. 99-100
VON HASTFER 1805-1806, I, p. 17 \[indicata come proveniente da Ercolano\]
MILLIN 1811, I, p. 17, n. 73, pl. XXIII, n. 73
HIRT 1826, pp. 11-12, Taf. XI, n. 88
WEBER 1830, p. 50, n. 97
MÜLLER - OESTERLEY - WIESELER 1832-1856, II, p. 29, n. 738, Taf. LVIII, n. 738
BARRÉ - ROUX AINÉ 1839-1840, IV, pp. 27-36, pl. 7
HELBIG 1868, p. 174, n. 865
Dictionnaire antiquités 1877-1919, III.2, s.v. Musae, p. 2067, fig. 5213 (O. Navarre) \[indicata come proveniente da Ercolano\]
Documenti inediti 1878-1880, III, p. 484
Lexikon Mythologie 1894-1897, s.v. Musen, col. 3274, \[Abb.\] 10 b (O. Bie)
REINACH 1922, p. 152, n. 2
CORTI 1940, pp. 169, 226
MAIURI 1951, p. 28
MAIURI 1954
BOYER 1956, p. 241
SCHEFOLD 1957, pp. 53, 310
RAGGHIANTI 1963, p. 64
GRANDJEAN 1964, p. 177, n. 1328 \[indicata come proveniente da Ercolano\]
PINKWART 1965, pp. 79, 181-182 \[indicata come proveniente da Ercolano\]
WEGNER 1966, pp. 95-96, Beil. 1 \[in basso a sinistra\] \[indicata come proveniente da Ercolano\]
ROSSIGNANI 1967, p. 81
TRAN TAM TINH 1974, pp. 25-27; pp. 29-30, n. 4, fig. 4
ALLROGGEN-BEDEL - KAMMERER-GROTHAUS 1980, pp. 183, 201
MASCOLI et al. 1981, p. 26 \[indicata come proveniente da Ercolano\]
PARISE BADONI 1981, p. 59
Repertorio 1981, p. 241
MOORMANN 1986, pp. 41-43, 113, 130, 203, 231-232, cat. 179/2
PARSLOW 1988, pp. 42-43
PPM III, p. 186
LIMC VII, I, s.v. Musae, p. 1020, n. 71 (J. Lancha); II, p. 733, fig. Musae 71
PARSLOW 1995, p. 112, nt. 17; p. 289, n. 97
MEUNIER 2005b, p. 183, n. 139 \[indicata come proveniente da Ercolano\]; p. 193, nt. al n. 139
PAGANO - PRISCIANDARO 2006, I, p. 19; II, pp. 87, 110, 228, 294
DENOYELLE - DESCAMPS-LEQUIME 2007, p. 14, cat. 56
MEUNIER 2007, p. 33, cat. 56
Eye Josephine 2007, pp. 148-149; p. 154, cat. 56, fig. a p. 155 (D. Roger)
MIZIOŁEK 2009-2010, p. 20
MIZIOŁEK 2010a, p. 49
MIZIOŁEK 2010b, pp. 163-164
BURLOT - ROGER 2012, sopratt. p. 16, fig. 23
DESCAMPS-LEQUIME 2013, pp. 145-146
PIRIOU - ROGER 2015a, pp. 67, 308, cat. 86
ROGER 2015, pp. 160-162, 172, 320-321, cat. 86
BASTIEN 2018, pp. 64, 69
Rome 2022, p. 404; p. 410, cat. 311-319 \[314\], fig. Érato (C. Giroire)
SAMPAOLO c.d.s."
FR 017,"Antichità Ercolano 1757-1792, II, pp. 27-29, tav. V
WINCKELMANN 1762, p. 92
DE LALANDE 1769, VII, p. 127
VON MURR 1777-1799, II, p. 5, tab. V
KILIAN 1777-1802, II, pp. 2-3, tab. V
DAVID - MARÉCHAL 1780, II, pp. 31-35, pl. XIX
PIROLI 1789-1807, II, tav. V
SÉRIEYS 1801, pp. 79-80
Magasin Encyclopédique 1802, p. 535 \[indicata come proveniente da Ercolano\]
Magasin Encyclopédique 1803, pp. 99-100
VON HASTFER 1805-1806, I, p. 17 \[indicata come proveniente da Ercolano\]
MILLIN 1811, I, p. 17, n. 71, pl. XXIII, n. 71
HIRT 1826, p. 12, Taf. XI, n. 90
WEBER 1830, p. 50, n. 97
MÜLLER - OESTERLEY - WIESELER 1832-1856, II, p. 29, n. 737, Taf. LVIII, n. 737
BARRÉ - ROUX AINÉ 1839-1840, IV, pp. 22-26, pl. 6
HELBIG 1868, p. 174, n. 868
Dictionnaire antiquités 1877-1919, III.2, s.v. Musae, p. 2067, fig. 5214 (O. Navarre) \[indicata come proveniente da Ercolano\]
Documenti inediti 1878-1880, III, p. 484
Lexikon Mythologie 1894-1897, s.v. Musen, coll. 3275-3276, \[Abb.\] 10 e (O. Bie)
REINACH 1922, p. 152, n. 1
CORTI 1940, pp. 169, 226
MAIURI 1951, p. 28
MAIURI 1954
BOYER 1956, p. 241
SCHEFOLD 1957, pp. 53, 310
RAGGHIANTI 1963, p. 64
GRANDJEAN 1964, p. 177, n. 1328 \[indicata come proveniente da Ercolano\]
PINKWART 1965, pp. 79, 181-182 \[indicata come proveniente da Ercolano\]
WEGNER 1966, pp. 95-96, 100, Beil. 1 \[in basso a destra\] \[indicata come proveniente da Ercolano\]
ROSSIGNANI 1967, p. 81
TRAN TAM TINH 1974, pp. 25-27; pp. 30-31, n. 5, fig. 5
ALLROGGEN-BEDEL - KAMMERER-GROTHAUS 1980, pp. 183, 201
MASCOLI et al. 1981, p. 26 \[indicata come proveniente da Ercolano\]
PARISE BADONI 1981, p. 59
Repertorio 1981, p. 241
Ercolano 1988, p. 289, n. 33, fig. a p. 130 (V. Sampaolo)
MOORMANN 1986, pp. 41-43, 113, 130, 203, 231-232, cat. 179/2
PARSLOW 1988, pp. 42-43
PPM III, p. 186
LIMC VII, I, s.v. Musae, p. 1020, n. 71 (J. Lancha); II, p. 733, fig. Musae 71
PARSLOW 1995, p. 112, nt. 17; p. 289, n. 97
MEUNIER 2005b, p. 183, n. 139 \[indicata come proveniente da Ercolano\]; p. 193, nt. al n. 139
PAGANO - PRISCIANDARO 2006, I, p. 19; II, pp. 87, 110, 228, 294
DENOYELLE - DESCAMPS-LEQUIME 2007, p. 14, cat. 57
MEUNIER 2007, p. 33, cat. 57
Eye Josephine 2007, pp. 148-149; p. 156, cat. 57, fig. a p. 157 (D. Roger)
MIZIOŁEK 2009-2010, p. 20
MIZIOŁEK 2010a, p. 49
MIZIOŁEK 2010b, pp. 163-164
BURLOT - ROGER 2012, sopratt. p. 17, fig. 25
DESCAMPS-LEQUIME 2013, pp. 145-146
PIRIOU - ROGER 2015a, pp. 67, 308, cat. 87
ROGER 2015, pp. 160-162, 172, 320-321, cat. 87
BASTIEN 2018, pp. 64, 69
Rome 2022, p. 404; p. 410, cat. 311-319 \[315\], fig. Terpsichore (C. Giroire)
SAMPAOLO c.d.s."
FR 018,"Antichità Ercolano 1757-1792, II, pp. 21-23, tav. IV
WINCKELMANN 1762, p. 92
DE LALANDE 1769, VII, p. 127
VON MURR 1777-1799, II, p. 4, tab. IV
KILIAN 1777-1802, II, p. 2, tab. IV
DAVID - MARÉCHAL 1780, II, pp. 26-30, pl. XIV
PIROLI 1789-1807, II, tav. IV
SÉRIEYS 1801, pp. 79-80
Magasin Encyclopédique 1802, p. 535 \[indicata come proveniente da Ercolano\]
Magasin Encyclopédique 1803, pp. 99-100
VON HASTFER 1805-1806, I, p. 17 \[indicata come proveniente da Ercolano\]
MILLIN 1811, I, p. 16, n. 67, pl. XXII, n. 67
HIRT 1826, p. 11, Taf. XI, n. 87
SAINT-NON 1829, II, pp. 86-88. n. 163 \[indicata come proveniente da Ercolano\]
WEBER 1830, p. 50, n. 97
MÜLLER - OESTERLEY - WIESELER 1832-1856, II, pp. 28-29, n. 736, Taf. LVIII, n. 736
BARRÉ - ROUX AINÉ 1839-1840, IV, pp. 14-18, pl. 4
HELBIG 1868, p. 175, n. 871
Dictionnaire antiquités 1877-1919, III.2, s.v. Musae, p. 2067, fig. 5212 (O. Navarre) \[indicata come proveniente da Ercolano\]
Documenti inediti 1878-1880, III, p. 484
Lexikon Mythologie 1894-1897, s.v. Musen, coll. 3275-3276, \[Abb.\] 10 c (O. Bie)
REINACH 1922, p. 153, n. 2
CORTI 1940, pp. 169, 226
MAIURI 1951, p. 28
MAIURI 1954 (fig. a p. 123)
BOYER 1956, p. 241
SCHEFOLD 1957, pp. 53, 310
GHALI-KAHIL 1960, p. 86, fig. 16 \[indicata come proveniente da Ercolano\]
RAGGHIANTI 1963, p. 64
GRANDJEAN 1964, p. 177, n. 1328 \[indicata come proveniente da Ercolano\]
PINKWART 1965, pp. 79, 181-182 \[indicata come proveniente da Ercolano\]
WEGNER 1966, pp. 95-96, 99, Beil. 2 \[in alto a sinistra\] \[indicata come proveniente da Ercolano\]
ROSSIGNANI 1967, p. 81
TRAN TAM TINH 1974, pp. 25-27; pp. 31-32, n. 6, fig. 6
ALLROGGEN-BEDEL - KAMMERER-GROTHAUS 1980, pp. 183, 201
MASCOLI et al. 1981, p. 26 \[indicata come proveniente da Ercolano\]
PARISE BADONI 1981, p. 59
Repertorio 1981, p. 241
Ercolano 1988, p. 289, n. 36, fig. a p. 131 (V. Sampaolo)
MOORMANN 1986, pp. 41-43, 113, 130, 203, 231-232, cat. 179/2
PARSLOW 1988, pp. 42-43
PPM III, p. 186
LIMC VII, I, s.v. Musae, p. 1020, n. 71 (J. Lancha); II, p. 734, fig. Musae 71
PARSLOW 1995, p. 112, nt. 17; p. 289, n. 97
MEUNIER 2005b, p. 183, n. 139 \[indicata come proveniente da Ercolano\]; p. 193, nt. al n. 139
PAGANO - PRISCIANDARO 2006, I, p. 19; II, pp. 87, 110, 228, 294
DENOYELLE - DESCAMPS-LEQUIME 2007, p. 14, cat. 58
MEUNIER 2007, p. 33, cat. 58
Eye Josephine 2007, pp. 148-149; p. 158, cat. 58, fig. a p. 159 (D. Roger)
MIZIOŁEK 2009-2010, p. 20
MIZIOŁEK 2010a, p. 49
MIZIOŁEK 2010b, pp. 163-164
BURLOT - ROGER 2012, sopratt. p. 16, fig. 22
DESCAMPS-LEQUIME 2013, pp. 145-146
Empire couleur 2014, pp. 207-212, n. 64 (D. Burlot - D. Roger)
PIRIOU - ROGER 2015a, pp. 67, 308, cat. 85
ROGER 2015, pp. 160-162, 171, 320-321, cat. 85
BASTIEN 2018, pp. 64, 69
Rome 2022, p. 404; p. 410, cat. 311-319 \[313\], fig. Melpomène (C. Giroire)
SAMPAOLO c.d.s."
FR 019,"Antichità Ercolano 1757-1792, II, pp. 15-18, tav. III
WINCKELMANN 1762, p. 92
DE LALANDE 1769, VII, p. 127
VON MURR 1777-1799, II, pp. 3-4, tab. III
KILIAN 1777-1802, II, p. 2, tab. III
DAVID - MARÉCHAL 1780, II, pp. 22-25, pl. IX
PIROLI 1789-1807, II, tav. III
SÉRIEYS 1801, pp. 79-80
Magasin Encyclopédique 1802, p. 535 \[indicata come proveniente da Ercolano\]
Magasin Encyclopédique 1803, pp. 99-100
VON HASTFER 1805-1806, I, p. 17 \[indicata come proveniente da Ercolano\]
MILLIN 1811, I, p. 16, n. 70, pl. XXII, n. 70
HIRT 1816, pp. 210-211, Tab. XXX, 2
HIRT 1826, p. 11, Taf. XI, n. 85
SAINT-NON 1829, II, pp. 86-88. n. 164 \[indicata come proveniente da Ercolano\]
WEBER 1830, p. 50, n. 97
MÜLLER - OESTERLEY - WIESELER 1832-1856, II, p. 28, n. 735, Taf. LVIII, n. 735
BARRÉ - ROUX AINÉ 1839-1840, IV, pp. 19-22, pl. 5
HELBIG 1868, p. 176, n. 878
Dictionnaire antiquités 1877-1919, III.2, s.v. Musae, p. 2067, fig. 5211 (O. Navarre) \[indicata come proveniente da Ercolano\]
Dictionnaire antiquités 1877-1919, IV.2, s.v. Segmentum, p. 1173, fig. 6278 (V. Chapot)
Documenti inediti 1878-1880, III, p. 484
Lexikon Mythologie 1894-1897, s.v. Musen, col. 3273, \[Abb.\] 10 a (O. Bie)
REINACH 1922, p. 153, n. 1
CORTI 1940, pp. 169, 226
MAIURI 1951, p. 28
MAIURI 1954 (fig. a p. 126)
BOYER 1956, p. 241
SCHEFOLD 1957, pp. 53, 310
GHALI-KAHIL 1960, pp. 83-85, fig. 13 \[indicata come proveniente da Ercolano\]
RAGGHIANTI 1963, p. 64
GRANDJEAN 1964, p. 177, n. 1328 \[indicata come proveniente da Ercolano\]
PINKWART 1965, pp. 79, 181-182 \[indicata come proveniente da Ercolano\]
WEGNER 1966, pp. 95-96, 100, Beil. 2 \[in alto a destra\] \[indicata come proveniente da Ercolano\]
ROSSIGNANI 1967, p. 81
TRAN TAM TINH 1974, pp. 25-27; pp. 32-33, n. 7, fig. 7
ALLROGGEN-BEDEL - KAMMERER-GROTHAUS 1980, pp. 183, 201
MASCOLI et al. 1981, p. 26 \[indicata come proveniente da Ercolano\]
PARISE BADONI 1981, p. 59
Repertorio 1981, p. 241
MOORMANN 1986, pp. 41-43, 113, 130, 203, 231-232, cat. 179/2
PARSLOW 1988, pp. 42-43
PPM III, p. 186
LIMC VII, I, s.v. Musae, p. 1020, n. 71 (J. Lancha); II, p. 734, fig. Musae 71
PARSLOW 1995, p. 112, nt. 17; p. 289, n. 97
MEUNIER 2005b, p. 183, n. 139 \[indicata come proveniente da Ercolano\]; p. 193, nt. al n. 139
PAGANO - PRISCIANDARO 2006, I, p. 19; II, pp. 87, 110, 228, 294
DENOYELLE - DESCAMPS-LEQUIME 2007, p. 14, cat. 59
MEUNIER 2007, p. 33, cat. 59
Eye Josephine 2007, pp. 148-149; p. 160, cat. 59, fig. a p. 161 (D. Roger)
MIZIOŁEK 2009-2010, p. 20
MIZIOŁEK 2010a, p. 49
MIZIOŁEK 2010b, pp. 163-164
BURLOT - ROGER 2012, sopratt. p. 15, fig. 21
DESCAMPS-LEQUIME 2013, pp. 145-146
PIRIOU - ROGER 2015a, pp. 67, 308, cat. 84
ROGER 2015, pp. 160-162, 170, 320-321, cat. 84
BASTIEN 2018, pp. 64, 69
Rome 2022, p. 404; p. 410, cat. 311-319 \[312\], fig. Thalie (C. Giroire)
SAMPAOLO c.d.s."
FR 020,"Antichitò Ercolano 1757-1792, II, pp. 43-46, tav. VII
WINCKELMANN 1762, p. 92
DE LALANDE 1769, VII, p. 127
VON MURR 1777-1799, II, pp. 6-7, tab. VII
KILIAN 1777-1802, II, p. 3, tab. VII
DAVID - MARÉCHAL 1780, II, pp. 40-44, pl. XXXI
PIROLI 1789-1807, II, tav. VII
SÉRIEYS 1801, pp. 79-80
Magasin Encyclopédique 1802, p. 535 \[indicata come proveniente da Ercolano\]
Magasin Encyclopédique 1803, pp. 99-100
VON HASTFER 1805-1806, I, p. 17 \[indicata come proveniente da Ercolano\]
MILLIN 1811, I, p. 17, n. 74, pl. XXI, n. 74
HIRT 1816, pp. 209-210, Tab. XXX, 3
HIRT 1826, p. 11, Taf. X, n. 84
WEBER 1830, p. 50, n. 97
MÜLLER - OESTERLEY - WIESELER 1832-1856, II, p. 29, n. 739, Taf. LVIII, n. 739
BARRÉ - ROUX AINÉ 1839-1840, IV, pp. 37-43, pl. 8
HELBIG 1868, p. 177, n. 887
Dictionnaire antiquités 1877-1919, III.2, s.v. Musae, p. 2067 (O. Navarre) \[indicata come proveniente da Ercolano\]
Documenti inediti 1878-1880, III, p. 484
Lexikon Mythologie 1894-1897, s.v. Musen, coll. 3275-3276, \[Abb.\] 10 d (O. Bie)
REINACH 1922, p. 153, n. 7
CORTI 1940, pp. 169, 226
MAIURI 1951, p. 28
MAIURI 1954 (fig. a p. 126)
BOYER 1956, p. 241
SCHEFOLD 1957, pp. 53, 311
RAGGHIANTI 1963, p. 64
GRANDJEAN 1964, p. 177, n. 1328 \[indicata come proveniente da Ercolano\]
PINKWART 1965, pp. 79, 181-182 \[indicata come proveniente da Ercolano\]
WEGNER 1966, pp. 95-96, 100, Beil. 1 \[in alto a destra\] \[indicata come proveniente da Ercolano\]
ROSSIGNANI 1967, p. 81
TRAN TAM TINH 1974, pp. 25-27; pp. 33-34, n. 8, fig. 8
ALLROGGEN-BEDEL - KAMMERER-GROTHAUS 1980, pp. 183, 201
MASCOLI et al. 1981, p. 26 \[indicata come proveniente da Ercolano\]
PARISE BADONI 1981, p. 59
Repertorio 1981, p. 241
MOORMANN 1986, pp. 41-43, 113, 130, 203, 231-232, cat. 179/2
PARSLOW 1988, pp. 42-43
PPM III, p. 186
LIMC VII, I, s.v. Musae, p. 1020, n. 71 (J. Lancha); II, p. 734, fig. Musae 71
PARSLOW 1995, p. 112, nt. 17; p. 289, n. 97
MEUNIER 2005b, p. 183, n. 139 \[indicata come proveniente da Ercolano\]; p. 193, nt. al n. 139
PAGANO - PRISCIANDARO 2006, I, p. 19; II, pp. 87, 110, 228, 294
DENOYELLE - DESCAMPS-LEQUIME 2007, p. 14, cat. 60
MEUNIER 2007, p. 33, cat. 60
Eye Josephine 2007, pp. 148-149; p. 162, cat. 60, fig. a p. 163 (D. Roger)
MIZIOŁEK 2009-2010, p. 20
MIZIOŁEK 2010a, p. 49
MIZIOŁEK 2010b, pp. 163-164
BURLOT - ROGER 2012, sopratt. p. 17, fig. 26
DESCAMPS-LEQUIME 2013, pp. 145-146
PIRIOU - ROGER 2015a, pp. 67, 308, cat. 88
ROGER 2015, pp. 160-162, 173, 320-321, cat. 88
BASTIEN 2018, pp. 64, 69
Rome 2022, p. 404; p. 410, cat. 311-319 \[316\], fig. Polymnie (C. Giroire)
SAMPAOLO c.d.s."
FR 021,"Antichità Ercolano 1757-1792, II, pp. 49-52, tav. VIII
WINCKELMANN 1762, p. 92
DE LALANDE 1769, VII, p. 127
VON MURR 1777-1799, II, p. 7, tab. VIII
KILIAN 1777-1802, II, p. 3, tab. VIII
DAVID - MARÉCHAL 1780, II, pp. 44-50, pl. XXXIII
PIROLI 1789-1807, II, tav. VIII
SÉRIEYS 1801, pp. 79-80
Magasin Encyclopédique 1802, p. 535 \[indicata come proveniente da Ercolano\]
Magasin Encyclopédique 1803, pp. 99-100
VON HASTFER 1805-1806, I, p. 17 \[indicata come proveniente da Ercolano\]
MILLIN 1811, I, p. 17, n. 75, pl. XXIII, n. 74
HIRT 1826, p. 12, Taf. XI, n. 89
WEBER 1830, p. 50, n. 97
MÜLLER - OESTERLEY - WIESELER 1832-1856, II, p. 29, n. 740, Taf. LVIII, n. 740
BARRÉ - ROUX AINÉ 1839-1840, IV, pp. 4-8, pl. 2
HELBIG 1868, p. 178, n. 889
Dictionnaire antiquités 1877-1919, III.2, s.v. Musae, p. 2068, fig. 5215 (O. Navarre) \[indicata come proveniente da Ercolano\]
Documenti inediti 1878-1880, III, p. 484
Lexikon Mythologie 1894-1897, s.v. Musen, col. 3278, \[Abb.\] 10 g (O. Bie)
REINACH 1922, p. 155, n. 1
CORTI 1940, pp. 169, 226
MAIURI 1951, p. 28
MAIURI 1954 (fig. a p. 125)
BOYER 1956, p. 241
SCHEFOLD 1957, pp. 53, 311
RAGGHIANTI 1963, p. 64
GRANDJEAN 1964, p. 177, n. 1328 \[indicata come proveniente da Ercolano\]
PINKWART 1965, pp. 79, 181-182 \[indicata come proveniente da Ercolano\]
WEGNER 1966, pp. 95-96, 101, Beil. 2 \[in basso a destra\] \[indicata come proveniente da Ercolano\]
ROSSIGNANI 1967, p. 81
TRAN TAM TINH 1974, pp. 25-27; pp. 33-34, n. 8, fig. 8
ALLROGGEN-BEDEL - KAMMERER-GROTHAUS 1980, pp. 183, 201
MASCOLI et al. 1981, p. 26 \[indicata come proveniente da Ercolano\]
PARISE BADONI 1981, p. 59
Repertorio 1981, p. 241
Ercolano 1988, p. 289, n. 34, fig. a p. 130 (V. Sampaolo)
MOORMANN 1986, pp. 41-43, 113, 130, 203, 231-232, cat. 179/2
PARSLOW 1988, pp. 42-43
PPM III, p. 186
LIMC VII, I, s.v. Musae, p. 1020, n. 71 (J. Lancha); II, p. 734, fig. Musae 71
PARSLOW 1995, p. 112, nt. 17; p. 289, n. 97
MEUNIER 2005b, p. 183, n. 139 \[indicata come proveniente da Ercolano\]; p. 193, nt. al n. 139
PAGANO - PRISCIANDARO 2006, I, p. 19; II, pp. 87, 110, 228, 294
DENOYELLE - DESCAMPS-LEQUIME 2007, p. 14, cat. 61
MEUNIER 2007, p. 33, cat. 61
Eye Josephine 2007, pp. 148-149; p. 164, cat. 61, fig. a p. 165 (D. Roger)
MIZIOŁEK 2009-2010, p. 20
MIZIOŁEK 2010a, p. 49
MIZIOŁEK 2010b, pp. 163-164
BURLOT - ROGER 2012, sopratt. p. 18, fig. 27
OSSANNA CAVADINI 2018, pp. 34-35, nt. 11 \[indicata come proveniente da Ercolano\]
DESCAMPS-LEQUIME 2013, pp. 145-146
Empire couleur 2014, pp. 207-212, n. 65 (D. Burlot - D. Roger)
PIRIOU - ROGER 2015a, pp. 67, 308, cat. 89
ROGER 2015, pp. 160-162, 174, 320-321, cat. 89
BASTIEN 2018, pp. 64, 69
Rome 2022, fig. in copertina; p. 404; p. 410, cat. 311-319 \[317\], fig. Uranie (C. Giroire)
SAMPAOLO c.d.s."
FR 022,"Antichità Ercolano 1757-1792, VIII, pp. 321-328, tav. LXXXI, 1
VON MURR 1777-1799, VIII.2, pp. 13-14, tab. LXXXI, 1
KILIAN 1777-1802, VIII.2, p. 12, tab. LXXXI, 1
Magasin Encyclopédique 1802, p. 535 \[indicato come proveniente da Ercolano\]
Magasin Encyclopédique 1803, p. 103
Documenti inediti 1878-1880, III, p. 484
VON HASTFER 1805-1806, I, p. 16
Lettres sur Paris 1809, p. 286 (lettera n. XIII)
DE RIDDER 1915, p. 153, n. 3164, pl. 113, n. 3164
BOYER 1956, p. 241
GRANDJEAN 1964, p. 191, n. 1484 \[indicato come proveniente da Ercolano\]
MEUNIER 2005b, p. 183, n. 147 \[indicato come proveniente da Ercolano\]; p. 194, nt. al n. 147
PAGANO - PRISCIANDARO 2006, I, p. 94; II, pp. 87, 133, 225
Louvre 2007, p. 161, n. 90a (C. Bastien)
Eye Josephine 2008, p. 189, cat. 102, figg. a pp. 189, 190 \[in basso al centro\] (C. Bastien); p. 190, nt. 1
BASTIEN 2018, p. 69"
FR 023,"Magasin Encyclopédique 1802, p. 535 \[indicata come proveniente da Ercolano\]
Magasin Encyclopédique 1803, p. 103
VON HASTFER 1805-1806, I, p. 16
Documenti inediti 1878-1880, III, p. 484
Lettres sur Paris 1809, p. 286 (lettera n. XIII)
DE RIDDER 1915, p. 147, n. 3109, pl. 109, n. 3109
BOYER 1956, p. 241
GRANDJEAN 1964, p. 191, n. 1491 \[indicata come proveniente da Ercolano\]
MEUNIER 2005b, p. 183, n. 148 \[indicata come proveniente da Ercolano\]; p. 194, nt. al n. 148
PAGANO - PRISCIANDARO 2006, I, p. 94; II, pp. 86, 133, 225
Louvre 2007, p. 162, n. 90b (C. Bastien)
Eye Josephine 2007, p. 189, nt. 1: p. 190, cat. 103, figg. a p. 190 \[in alto a sinistra, in basso al centro\] (C. Bastien)
DESCAMPS-LEQUIME 2013, p. 147
BASTIEN 2018, p. 69"
FR 024,"ZAHN 1828-1859, I, Taf. 4 \[indicata come proveniente da Stabia\]
HELBIG 1868, p. 197, n. 985 \[indicata come proveniente da Stabia\]
RICHER 1906-1929, V, p. 288, fig. 389
REINACH 1922, p. 137, n. 9; p. 402, n. 4 \[indicata come proveniente da Stabia\]
HANFMANN 1951, I, p. 135, nt. 174; II, p. 144, n. 94 \[indicata come proveniente da Stabia\]
SPINAZZOLA 1953, I, p. 385, fig. 440 \[indicata come proveniente da Stabia\]
SCHEFOLD 1957, p. 312 \[indicata come proveniente da Stabia\]
Collections parisiennes 1970, p. 28, n. 23 \[indicata come proveniente da Stabia\]
TRAN TAM TINH 1974, p. 37, n. 11, fig. 12
PAGANO - PRISCIANDARO 2006, I, p. 34; II, pp. 17, 117, 232
PIRIOU - ROGER 2015a, pp. 67, 307-308, cat. 63
PIRIOU - ROGER 2015b, pp. 107, 144, 317, cat. 63"
FR 025,"TERNITE 1839-1858, I,11, Taf. VIII
HELBIG 1868, p. 339, n. 1434
REINACH 1922, p. 407, n. 1
STRONG - JOLLIFFE 1924, p. 94
BIEBER 1928, p. 310, Anm. 7, Abb. 9
COCHE DE LA FERTÉ 1951, p. 74, fig. a p. 73 \[in basso\]
SCHEFOLD 1957, p. 317
RAGGHIANTI 1963, p. 74
Petit Palais 1973, p. \[88\], cat. 141, fig. a p. \[88\]
TRAN TAM TINH 1974, pp. 38-39, n. 12, fig. 13
PAGANO 1997, p. 103
PAGANO - PRISCIANDARO 2006, I, p. 85; II, pp. 88, 132, 231
PIRIOU - ROGER 2015a, pp. 67, 307-308, fig. 21"
FR 026,"TRAN TAM TINH 1974, p. 41, n. 16, fig. 17"
FR 027,"TRAN TAM TINH 1974, p. 41, n. 17, fig. 18"
FR 028,"TRAN TAM TINH 1974, p. 41, n. 18, fig. 19"
FR 029,"TRAN TAM TINH 1974, p. 42, n. 19, fig. 20"
FR 030,"Antichità Ercolano 1757-1792, VII, figg. a pp. 57, 229
VON MURR 1777-1799, VII, p. 56, tab. LXXXIX, 12
KILIAN 1777-1802, VII, p. 33, tab. LXXXIX, 12
DAVID - MARÉCHAL 1780, V, p. 33, pl. LXVIII
Ornati 1796-1808, I, tav. 5
BARRÉ - ROUX AINÉ 1839-1840, III, p. 30, pl. 105 \[in basso\]
HELBIG 1868, p. 53, n. 197; p. 454
SCHEFOLD 1957, p. 302
ROSSIGNANI 1967, pp. 123-125
TRAN TAM TINH 1974, pp. 42-44, n. 20, fig. 21
PAGANO - PRISCIANDARO 2006, I, p. 71; II, pp. 88, 129, 268, 304
DESSALES 2019, pp. 421-422, n. 96, fig. a p. 371"
FR 031,"Antichità Ercolano 1757-1792, VII, figg. a pp. 53, 225
VON MURR 1777-1799, VII, p. 1, tab. LXXXVIII, 11a
KILIAN 1777-1802, VII, p. 56, tab. LXXXVIII, 11a
DAVID - MARÉCHAL 1780, V, p. 31, pl. LXIV
PIROLI 1789-1807, III, tav. LIII,2
Ornati 1796-1808, I, tav. 7
BARRÉ - ROUX AINÉ 1839-1840, III, p. 19, pl. 99 in basso)
HELBIG 1868, p. 68, n. 248; p. 454
REINACH 1922, p. 290, n. 4 \[indicata come proveniente da Ercolano\]
SCHEFOLD 1957, p. 303
ROSSIGNANI 1967, pp. 123-125
TRAN TAM TINH 1974, pp. 42-44, n. 20, fig. 22
PAGANO - PRISCIANDARO 2006, I, p. 71; II, pp. 88, 129, 268, 304"
FR 032,"TRAN TAM TINH 1974, pp. 44-45, n. 21, fig. 23
Empire couleur 2014, p. 175, n. 37 (D. Burlot)
MULLIEZ - AUSSILLOUX-CORREA 2017, p. 95, pl. XXVII.2"
FR 033,"DE RIDDER 1915, p. 154, n. 3172"
FR 034,Missing Value
FR 035,Missing Value
FR 036,"HELLMANN 1984, pp. 165-166, figg. 1-3"
FR 037,"DE RIDDER 1915, p. 154, n. 3172"
FR 038,"DE RIDDER 1915, p. 153, n. 3160"
FR 039,"DE RIDDER 1915, p. 153, n. 3166"
FR 040,"DE RIDDER 1915, p. 122, n. 2833
TASSINARI 2018, pp. 15, 64, cat. 39, fig. 68"
FR 041,"DE RIDDER 1915, p. 101, n. 2599
TASSINARI 2018, pp. 15, 69, 76, 84, cat. 51, fig. 80"
FR 042,"TASSINARI 2018, pp. 15, 17-18, cat. 4, fig. 7"
FR 043,"DE RIDDER 1915, p. 106, n. 2643, pl. 96, n. 2643
TASSINARI 2012, p. 392, figg. 18-19
TASSINARI 2018, pp. 15, 29-31, 85, cat. 15, fig. 24"
FR 044,"DU MÈGE 1835, p. 160, n. 347
ROUCOULE 1836, pp. 103-104, n. 107
ROSCHACH 1865a, p. 194, n. 591 b
ROSCHACH 1865b, p. 194, n. 591 b
ROSCHACH 1892, p. 194, n. 591 b
Empire couleur 2014, pp. 227-228, n. 77 (P. Capus)
KOCKEL 2017, p. 81, nt. 90"
FR 045,"DU MÈGE 1835, p. 160, n. 346
ROSCHACH 1865a, p. 194, nn. 591 a, 591 c
ROSCHACH 1865b, p. 194, nn. 591 a, 591 c
ROSCHACH 1892, p. 194, nn. 591 a, 591 c
Empire couleur 2014, pp. 227-228, n. 78 (P. Capus)
KOCKEL 2017, p. 81, nt. 90"
FR 046,"TASSINARI 2018, pp. 15, 64, 66-67, 84, cat. 42, fig. 71"
FR 047,"DE RIDDER 1915, p. 99, n. 2574, pl. 92, n. 2574"
FR 048,"ROSCHACH 1865a, p. 193, n. 583
ROSCHACH 1865b, p. 193, n. 583
ROSCHACH 1892, p. 193, n. 583
Roma S·P·Q·R 2007, p. 293, cat. 341"
GB 001,"ZAHN 1828-1859, I, Taf. 70
NEWTON 1867, p. 22, n. 1
HELBIG 1868, p. 59, n. 217
MAU 1875, pp. 236-237 \[indicata come distrutto\]
British Museum 1878, pp. 79-80, n. 19 \[indicata come proveniente da Ercolano\]
SOGLIANO 1879, pp. 212-213, n. 645 \[indicata come distrutto\]
HINKS 1933, p. 15, n. 26, pl. X, n. 26 \[indicata come proveniente da Ercolano\]
SPINAZZOLA 1953, I, p. 274, fig. 302
SCHEFOLD 1957, p. 302
ROSSIGNANI 1967, p. 127
PAGANO 1997, p. 76
RICHARDSON 2000, pp. 65, 67
PAGANO - PRISCIANDARO 2006, I, p. 80; II, pp. 11, 131, 234
ROBERTS 2013, pp. 182, 312, fig. 213"
GB 002,"MAZOIS 1812-1838, II, p. 102, fig. a p. 2
MÜLLER - OESTERLEY - WIESELER 1832-1856, I, pp. 180-181, n. 326; II, Taf. XXIX, n. 326
PANOFKA 1842, p. 19, Anm. 22
NEWTON 1867, p. 30, n. 2
WALTERS 1899, pp. 154-155, n. 856
SCOGNAMIGLIO 2016, p. 64"
GB 003,Missing Value
GB 004,"British Museum 1878, p. 82, n. 37
HINKS 1933, p. 26, n. 50, fig. 30"
GB 005,"VERMEULE 1973, II, p. 533, n. 495
THORNTON - DOREY 1992, pp. 14, 17
COOLEY 2003, p. 76
Hooked books 2004, p. 21, cat. 5.5a \[M. Richardson\]
ÖZGENEL 2008, p. 19"
GB 006,"DE LAGLANDIÈRE 1829b, p. 284, nt. 4
SCHORN 1829-1831, p. 63, n. 6
RAOUL-ROCHETTE 1833, p. 378, nt. 8
WIESELER 1859, p. 117
HELBIG 1865, p. 127
STEPHANI 1866, p. 40, n. 44
NEWTON 1867, p. 22, n. 2
HELBIG 1868, p. 294, n. 1330; p. 462
SCHRADER 1868, pp. 70-71
TREU 1874, p. 2, n. 2
British Museum 1878, p. 77, n. 2
BOLTE 1882, p. 32
WEICKER 1902, p. 183
MÜLLER 1913, p. 45
KLEIN 1919, pp. 293-294
HINKS 1933, p. 15, n. 27, pl. XI, n. 27
DAWSON 1944, pp. 109, 133-134, 166, 181, 187, n. 59, pl. XXII, n. 59
VLAD BORRELLI 1956, p. 292, fig. 3
SCHEFOLD 1957, p. 316
SCHEFOLD 1962, p. 196
PETERS 1963, pp. 131-132, fig. 112, pl. XXVIII, fig. 112
VON BLANCKENHAGEN 1963, pp. 131-132
TOUCHEFEU-MEYNIER 1968, pp. 162-163, 181, 186 nt. 71, n. 288
VON BLANCKENHAGEN 1968, pp. 113, 130
CANDIDA 1970-1971, p. 229, fig. 7
LING 1991, p. 118, ill. 120
LIMC VI, I, s.v. Odysseus, p. 962, n. 159 (O. Touchefeu-Meynier); II, p. 633, fig. Odysseus 159
LECLERCQ-MARX 1992, p. 26, ill. 3
Sirènes 1992, p. 142, cat. 12
BIERING 1995, p. 165
LECLERCQ-MARX 1997, pp. 13, 48, ill. 28
PAGANO 1997, p. 159
PAGANO - PRISCIANDARO 2006, I, p. 93; II, pp. 13, 133, 256
HODSKE 2007, p. 244, cat. 822, Taf. 157, Abb. 1
Pittura Impero 2009, pp. 162, 269-270, cat. I.7 (M. Papini)
CUMBO 2015, p. 57, nt. 39
LUCE 2017, pp. 136-137, fig. 11"
GB 007,"WIESELER 1859, p. 117
HELBIG 1865, p. 127
NEWTON 1867, p. 22, n. 3
HELBIG 1868, p. 253, n. 1210; p. 459
ROBERT 1877
British Museum 1878, p. 77, n. 1
WALTERS 1911, p. 96, pl. XXXIX
KLEIN 1919, pp. 293-294
REINACH 1922, p. 183, n. 6
HINKS 1933, pp. 15-16, n. 28, pl. XII, n. 28
DAWSON 1944, p. 109, 121, 133-134, 181, 187, n. 58, pl. XII, n. 58
VLAD BORRELLI 1956, p. 292
SCHEFOLD 1957, p. 314
SCHEFOLD 1962, p. 196
PETERS 1963, pp. 131-132, fig. 111, pl. XXVIII, fig. 111
VON BLANCKENHAGEN 1968, p. 113, n. 10, pl. 39,2; passim
MOORMANN 1986, p. 168, cat. 041
LING 1991, p. 118
PAGANO 1997, p. 159
RICHARDSON 2000, p. 41
PAGANO - PRISCIANDARO 2006, I, p. 93; II, pp. 13, 133, 256
HODSKE 2007, p. 207, cat. 823, Taf. 101, Abb. 4
Pittura Impero 2009, p. 269
LUCE 2017, pp. 136-137
RIGGSBY 2019, p. 152, fig. 4.4
STUART LEE 2020, p. 99, fig. 11 "
GB 008,"NEWTON 1867, p. 23, n. 7 \[indicata come proveniente da Roma?\]
British Museum 1878, p. 78, n. 15
HINKS 1933, p. 26, n. 48, fig. 28
ROBERTS 2013, p. 312"
GB 009,"NEWTON 1867, pp. 30-31
WALTERS 1899, p. 329, n. 2551
BAILEY 1996, p. 98, cat. Q 3903, pls. 118-190, cat. Q 3903"
GB 010,"MAZOIS 1812-1838, I, p. 53, pl XXXVI, fig. I, pl. XXXVII, fig. II
DE CLARAC 1813, fig. nel frontespizio; pp. 81-93, n. 78, pl. 14, n. 77
ROMANELLI 1817, I, p. 275
GELL - GANDY 1817-1819, pp. 129-132, 267, fig. a p. 138
DE LAURENTIIS 1826, I, pp. 141-142
DE JORIO 1828, pp. 154-155, tab. IV, n. 3
Inscriptionvm latinarvm 1828-1856, II, p. 179, n. 3804
GUARINI 1830, pp. 20-22, n. 2
GELL 1832, II, pp. 163-164, 203, pl. LXXXV
MICALI 1832, tav. CXX, n. 3
GUARINI 1837, p. 21, n. 1; p. 23, n. 1
AVELLINO 1838, pp. 8-9
GROTEFEND 1839, pp. 26-27 (B), tab. II, n. 4
JANNELLI 1841, pp. 82-83, n. II
LEPSIUS 1841, pp. 73-74, n. 20, tab. XXIV
AVELLINO 1842-1843, p. 1
GUARINI 1846, pp. 1-2
MOMMSEN 1850, p. 181, n. XXI, Taf. X, n. 21
FIORELLI 1856, p. XX-XXII
HUSCHKE 1856, pp. 172-173, n. XLIII
OVERBECK 1856, p. 46, figg. 18-19
FABRETTI 1867, I, p. CCLV, n. 2787; II, s.v. prúfatted, col. 1469
NISSEN 1877, pp. 511-512
ZVETAIEFF 1878, I, p. 44, n. 64; II, tab. XII, n. 1, tab. XIII, n. 1
VON PLANTA 1892-1897, I, pp. 94-96, n. 35; II, p. 501, n. 35
CONWAY 1897, I, p. 62, n. 45
BUCK 1904, p. 241, n. 8
MAIURI 1929, coll. 211, 213
VETTER 1953, p. 51, n. 14
WARD-PERKINS - CLARIDGE 1976, p. 94, n. 2
CAMPANILE 1995, pp. 359-360
DE CARO 1995, p. 39
FRITZ 1995
SCOTTO di FRECA 1999
COOLEY - COOLEY 2004, p. 16, A24
PAGANO - PRISCIANDARO 2006, I, p. 107; II, pp. 136, 226
Imagines Italicae 2011, II, pp. 628-630, Campania / POMPEI 8
ROBERTS 2013, pp. 25, 308, fig. 11
BONFITTO 2017, p. 31, fig. 14
DESSALES 2019, p. 418, n. 91b, fig. a p. 356
van der GRAAFF 2019, pp. 98-99"
GB 011,"WALTERS 1899, p. 280, n. 1796
WARIN 2015, pp. 358-359"
GB 012,"WALTERS 1899, p. 324, n. 2494"
GB 013,Missing Value
GB 014,"ROBERTS 2013, pp. 140, 310, fig. 153 \[di fronte\]
Celts 2015, p. 282
OPPER 2021, p. 62, figg. 35a-b "
GB 015,Missing Value
GB 016,Missing Value
GB 017,"ROBERTS 2013, pp. 140, 310, fig. 153 \[in alto\]"
GB 018,"VERMEULE 1973, II, p. 533, n. 496
THORNTON - DOREY 1992, p. 17
Hooked books 2004, p. 22, cat. 5.5b \[M. Richardson\]"
GB 019,"Woburn Abbey 1822, p. 95, pl. XXI
Catalogue Woburn Abbey 1828, p. 10, n. 77
PARRY 1831a, p. 259, n. 77
PARRY 1831b, p. 87, n. 77
Antient Sculpture 1809-1835, II, p. 57, pl. XXVIII
WAAGEN 1837-1839, II, p. 555
HAYTER 1879, pl. 21
MICHAELIS 1882, pp. 737-738, n. 128
History Woburn 1890, p. 22, n. 128
REINACH 1897-1930, II.2, p. 523, n. 4
SMITH 1900, p. 47, n. 84, fig. 27
VERMEULE - von BOTHMER 1956, p. 349
SUTTON 1965, pp. 440-441, fig. 2
AVERY 1984, p. 102, fig. 14
SUTTON 1984, p. 329
Treasure houses 1985, p. 299, n. 223 (C. Picon)
ANGELICOUSSIS 1992, fig. in copertina; pp. 21-24, fig. 9; p. 37, fig. 19; pp. 48-49, n. 8, figg. 63-65, 68-70
SCOTT 2003, p. 254, figg. 191-192; p. 256, fig. 193
BRUNI 2012, pp. CXXXV-CXXXVI"
GB 020,"NEWTON 1867, pp. 30-31
WALTERS 1899, p. 323, n. 2478 "
GB 021,"BAILEY 1996, p. 93, cat. Q 3874, pls. 105-106, cat. Q 3874"
GB 022,"Catalogue gems 1888, p. 154, n. 1317"
GB 023,Missing Value
GB 024,"Catalogue Ashmolean 1836, p. 125, n. 123"
GB 025,"Catalogue Ashmolean 1836, p. 125, nn. 124-127"
GB 026,"BLUNDELL 1803, p. 171, n. CCCCXCVII "
RU 001,"KUNZE 1989b, p. 177, n. 80
BURIJ 2010, figg. 1-22
Археология войны 2005, pp. 99-100, 111, kat. 213 "
RU 002,"KUNZE 1989b, p. 177, n. 79
Археология войны 2005, pp. 99-100, 111, kat. 214"
RU 003,"KUNZE 1989b, p. 177, n. 75 \[indicato come perduto\]
Археология войны 2005, pp. 99, 107, kat. 199 "
RU 004,"FRIEDERICHS 1871, p. 189, n. 759"
Missing Value,Missing Value
Missing Value,Missing Value
